created_at,not_sensitive,possibly_sensitive,unknown
2017-10-15 00:00:00+00:00,4165.0,42.0,15684.0
2017-10-16 00:00:00+00:00,81240.0,940.0,312850.0
2017-10-17 00:00:00+00:00,79006.0,858.0,226699.0
2017-10-18 00:00:00+00:00,61997.0,815.0,88191.0
2017-10-19 00:00:00+00:00,46246.0,560.0,63602.0
2017-10-20 00:00:00+00:00,29074.0,405.0,40698.0
2017-10-21 00:00:00+00:00,18143.0,256.0,16975.0
2017-10-22 00:00:00+00:00,16742.0,240.0,18872.0
2017-10-23 00:00:00+00:00,14959.0,205.0,12998.0
2017-10-24 00:00:00+00:00,16041.0,196.0,13279.0
2017-10-25 00:00:00+00:00,18187.0,190.0,18881.0
2017-10-26 00:00:00+00:00,14649.0,174.0,18958.0
2017-10-27 00:00:00+00:00,10366.0,123.0,9504.0
2017-10-28 00:00:00+00:00,8552.0,100.0,7778.0
2017-10-29 00:00:00+00:00,11558.0,170.0,8905.0
2017-10-30 00:00:00+00:00,15223.0,238.0,10547.0
2017-10-31 00:00:00+00:00,11724.0,164.0,9888.0
2017-11-01 00:00:00+00:00,8957.0,116.0,9414.0
2017-11-02 00:00:00+00:00,8675.0,120.0,7438.0
2017-11-03 00:00:00+00:00,7633.0,110.0,5911.0
2017-11-04 00:00:00+00:00,5739.0,92.0,5102.0
2017-11-05 00:00:00+00:00,6496.0,108.0,5934.0
2017-11-06 00:00:00+00:00,5850.0,72.0,5176.0
2017-11-07 00:00:00+00:00,5391.0,115.0,4677.0
2017-11-08 00:00:00+00:00,6257.0,138.0,6239.0
2017-11-09 00:00:00+00:00,7976.0,127.0,9681.0
2017-11-10 00:00:00+00:00,10834.0,162.0,16701.0
2017-11-11 00:00:00+00:00,8790.0,143.0,14228.0
2017-11-12 00:00:00+00:00,13693.0,192.0,25684.0
2017-11-13 00:00:00+00:00,17535.0,281.0,19595.0
2017-11-14 00:00:00+00:00,17290.0,210.0,15148.0
2017-11-15 00:00:00+00:00,7616.0,89.0,8271.0
2017-11-16 00:00:00+00:00,23182.0,357.0,13612.0
2017-11-17 00:00:00+00:00,16141.0,223.0,18603.0
2017-11-18 00:00:00+00:00,10327.0,200.0,16633.0
2017-11-19 00:00:00+00:00,7931.0,91.0,11184.0
2017-11-20 00:00:00+00:00,7812.0,155.0,10604.0
2017-11-21 00:00:00+00:00,8883.0,110.0,14293.0
2017-11-22 00:00:00+00:00,15453.0,233.0,23184.0
2017-11-23 00:00:00+00:00,8445.0,142.0,19356.0
2017-11-24 00:00:00+00:00,8970.0,228.0,13735.0
2017-11-25 00:00:00+00:00,9154.0,131.0,25403.0
2017-11-26 00:00:00+00:00,7079.0,77.0,12020.0
2017-11-27 00:00:00+00:00,6790.0,111.0,12112.0
2017-11-28 00:00:00+00:00,6838.0,94.0,12687.0
2017-11-29 00:00:00+00:00,8538.0,102.0,21008.0
2017-11-30 00:00:00+00:00,10072.0,181.0,24806.0
2017-12-01 00:00:00+00:00,7666.0,108.0,19415.0
2017-12-02 00:00:00+00:00,4352.0,72.0,7438.0
2017-12-03 00:00:00+00:00,4430.0,78.0,13006.0
2017-12-04 00:00:00+00:00,8660.0,145.0,13982.0
2017-12-05 00:00:00+00:00,8401.0,137.0,12812.0
2017-12-06 00:00:00+00:00,49177.0,569.0,102523.0
2017-12-07 00:00:00+00:00,30945.0,496.0,101162.0
2017-12-08 00:00:00+00:00,19010.0,284.0,45660.0
2017-12-09 00:00:00+00:00,11942.0,178.0,29608.0
2017-12-10 00:00:00+00:00,9618.0,131.0,17245.0
2017-12-11 00:00:00+00:00,15019.0,208.0,35352.0
2017-12-12 00:00:00+00:00,18607.0,454.0,47586.0
2017-12-13 00:00:00+00:00,13359.0,367.0,35108.0
2017-12-14 00:00:00+00:00,11827.0,196.0,29045.0
2017-12-15 00:00:00+00:00,11188.0,176.0,15212.0
2017-12-16 00:00:00+00:00,10138.0,286.0,21912.0
2017-12-17 00:00:00+00:00,13617.0,227.0,38793.0
2017-12-18 00:00:00+00:00,13617.0,203.0,28305.0
2017-12-19 00:00:00+00:00,12612.0,189.0,25701.0
2017-12-20 00:00:00+00:00,14195.0,296.0,30297.0
2017-12-21 00:00:00+00:00,11571.0,217.0,16921.0
2017-12-22 00:00:00+00:00,9208.0,146.0,19754.0
2017-12-23 00:00:00+00:00,8135.0,185.0,15445.0
2017-12-24 00:00:00+00:00,11364.0,223.0,16783.0
2017-12-25 00:00:00+00:00,6501.0,134.0,17608.0
2017-12-26 00:00:00+00:00,6225.0,94.0,8365.0
2017-12-27 00:00:00+00:00,6321.0,101.0,8251.0
2017-12-28 00:00:00+00:00,7592.0,117.0,8174.0
2017-12-29 00:00:00+00:00,5664.0,94.0,7297.0
2017-12-30 00:00:00+00:00,4974.0,106.0,6359.0
2017-12-31 00:00:00+00:00,6031.0,113.0,6679.0
2018-01-01 00:00:00+00:00,10578.0,141.0,37584.0
2018-01-02 00:00:00+00:00,16029.0,226.0,53384.0
2018-01-03 00:00:00+00:00,15912.0,403.0,27943.0
2018-01-04 00:00:00+00:00,9890.0,166.0,16254.0
2018-01-05 00:00:00+00:00,8575.0,152.0,11713.0
2018-01-06 00:00:00+00:00,7579.0,101.0,10631.0
2018-01-07 00:00:00+00:00,38122.0,401.0,50824.0
2018-01-08 00:00:00+00:00,140310.0,1766.0,271247.0
2018-01-09 00:00:00+00:00,108104.0,1409.0,88685.0
2018-01-10 00:00:00+00:00,60105.0,445.0,51178.0
2018-01-11 00:00:00+00:00,34954.0,454.0,35500.0
2018-01-12 00:00:00+00:00,17989.0,359.0,23504.0
2018-01-13 00:00:00+00:00,18910.0,354.0,30409.0
2018-01-14 00:00:00+00:00,19420.0,457.0,36515.0
2018-01-15 00:00:00+00:00,21921.0,326.0,22694.0
2018-01-16 00:00:00+00:00,31946.0,451.0,27467.0
2018-01-17 00:00:00+00:00,19581.0,317.0,23378.0
2018-01-18 00:00:00+00:00,20465.0,295.0,22169.0
2018-01-19 00:00:00+00:00,18512.0,286.0,19087.0
2018-01-20 00:00:00+00:00,21921.0,514.0,33356.0
2018-01-21 00:00:00+00:00,40811.0,455.0,39074.0
2018-01-22 00:00:00+00:00,19767.0,459.0,24753.0
2018-01-23 00:00:00+00:00,17403.0,353.0,27054.0
2018-01-24 00:00:00+00:00,17867.0,277.0,27272.0
2018-01-25 00:00:00+00:00,19355.0,289.0,29786.0
2018-01-26 00:00:00+00:00,14665.0,260.0,24062.0
2018-01-27 00:00:00+00:00,14140.0,251.0,26640.0
2018-01-28 00:00:00+00:00,15537.0,255.0,27354.0
2018-01-29 00:00:00+00:00,39606.0,752.0,71552.0
2018-01-30 00:00:00+00:00,18634.0,291.0,33211.0
2018-01-31 00:00:00+00:00,17276.0,459.0,39434.0
2018-02-01 00:00:00+00:00,14170.0,502.0,19133.0
2018-02-02 00:00:00+00:00,13512.0,401.0,15881.0
2018-02-03 00:00:00+00:00,11266.0,269.0,13244.0
2018-02-04 00:00:00+00:00,9315.0,243.0,13515.0
2018-02-05 00:00:00+00:00,11579.0,428.0,12700.0
2018-02-06 00:00:00+00:00,13618.0,228.0,16839.0
2018-02-07 00:00:00+00:00,11709.0,232.0,27734.0
2018-02-08 00:00:00+00:00,12023.0,385.0,17364.0
2018-02-09 00:00:00+00:00,18240.0,329.0,21317.0
2018-02-10 00:00:00+00:00,16413.0,306.0,22498.0
2018-02-11 00:00:00+00:00,17103.0,312.0,25333.0
2018-02-12 00:00:00+00:00,22020.0,320.0,26344.0
2018-02-13 00:00:00+00:00,14598.0,394.0,19459.0
2018-02-14 00:00:00+00:00,12750.0,372.0,17675.0
2018-02-15 00:00:00+00:00,10936.0,191.0,14858.0
2018-02-16 00:00:00+00:00,10137.0,194.0,12504.0
2018-02-17 00:00:00+00:00,15336.0,168.0,13720.0
2018-02-18 00:00:00+00:00,10057.0,174.0,16040.0
2018-02-19 00:00:00+00:00,12654.0,306.0,16043.0
2018-02-20 00:00:00+00:00,12893.0,168.0,13429.0
2018-02-21 00:00:00+00:00,13483.0,192.0,18097.0
2018-02-22 00:00:00+00:00,11550.0,164.0,16727.0
2018-02-23 00:00:00+00:00,10246.0,197.0,13958.0
2018-02-24 00:00:00+00:00,9178.0,207.0,15731.0
2018-02-25 00:00:00+00:00,8716.0,162.0,16094.0
2018-02-26 00:00:00+00:00,13434.0,11806.0,17305.0
2018-02-27 00:00:00+00:00,12448.0,277.0,17256.0
2018-02-28 00:00:00+00:00,13470.0,263.0,19690.0
2018-03-01 00:00:00+00:00,6481.0,134.0,8773.0
2018-03-02 00:00:00+00:00,14962.0,232.0,15670.0
2018-03-03 00:00:00+00:00,11315.0,167.0,12291.0
2018-03-04 00:00:00+00:00,14115.0,242.0,17202.0
2018-03-05 00:00:00+00:00,44542.0,479.0,44235.0
2018-03-06 00:00:00+00:00,14834.0,220.0,18139.0
2018-03-07 00:00:00+00:00,13557.0,239.0,17631.0
2018-03-08 00:00:00+00:00,28202.0,361.0,48681.0
2018-03-09 00:00:00+00:00,36648.0,511.0,142979.0
2018-03-10 00:00:00+00:00,25035.0,330.0,71597.0
2018-03-11 00:00:00+00:00,16379.0,364.0,34930.0
2018-03-12 00:00:00+00:00,11952.0,257.0,19346.0
2018-03-13 00:00:00+00:00,12421.0,262.0,14222.0
2018-03-14 00:00:00+00:00,13741.0,354.0,14970.0
2018-03-15 00:00:00+00:00,10479.0,193.0,13121.0
2018-03-16 00:00:00+00:00,11630.0,278.0,13326.0
2018-03-17 00:00:00+00:00,10517.0,166.0,12112.0
2018-03-18 00:00:00+00:00,8561.0,169.0,10581.0
2018-03-19 00:00:00+00:00,10235.0,173.0,11773.0
2018-03-20 00:00:00+00:00,10139.0,258.0,10794.0
2018-03-21 00:00:00+00:00,7860.0,146.0,9745.0
2018-03-22 00:00:00+00:00,7766.0,130.0,9822.0
2018-03-23 00:00:00+00:00,8477.0,217.0,10654.0
2018-03-24 00:00:00+00:00,1737.0,56.0,3613.0
2018-03-25 00:00:00+00:00,5655.0,101.0,8567.0
2018-03-26 00:00:00+00:00,7594.0,130.0,9841.0
2018-03-28 00:00:00+00:00,8324.0,164.0,13167.0
2018-03-29 00:00:00+00:00,6723.0,108.0,9351.0
2018-03-30 00:00:00+00:00,5566.0,145.0,8461.0
2018-03-31 00:00:00+00:00,5387.0,118.0,10704.0
2018-04-01 00:00:00+00:00,6906.0,155.0,10450.0
2018-04-02 00:00:00+00:00,8844.0,252.0,8486.0
2018-04-03 00:00:00+00:00,6438.0,153.0,11765.0
2018-04-04 00:00:00+00:00,13432.0,163.0,7223.0
2018-04-05 00:00:00+00:00,6941.0,125.0,6147.0
2018-04-06 00:00:00+00:00,10437.0,150.0,9990.0
2018-04-07 00:00:00+00:00,23812.0,347.0,69687.0
2018-04-08 00:00:00+00:00,18772.0,296.0,45239.0
2018-04-09 00:00:00+00:00,15278.0,247.0,18399.0
2018-04-10 00:00:00+00:00,11153.0,185.0,12434.0
2018-04-11 00:00:00+00:00,16224.0,146.0,12536.0
2018-04-12 00:00:00+00:00,6796.0,350.0,10400.0
2018-04-13 00:00:00+00:00,11452.0,344.0,11660.0
2018-04-14 00:00:00+00:00,6399.0,192.0,8226.0
2018-04-15 00:00:00+00:00,4875.0,126.0,10657.0
2018-04-16 00:00:00+00:00,9882.0,172.0,13948.0
2018-04-17 00:00:00+00:00,9172.0,212.0,13598.0
2018-04-18 00:00:00+00:00,10721.0,192.0,15113.0
2018-04-19 00:00:00+00:00,17532.0,273.0,21765.0
2018-04-20 00:00:00+00:00,19899.0,428.0,21691.0
2018-04-21 00:00:00+00:00,15003.0,353.0,19704.0
2018-04-22 00:00:00+00:00,10418.0,229.0,13996.0
2018-04-23 00:00:00+00:00,9148.0,166.0,14196.0
2018-04-24 00:00:00+00:00,9593.0,183.0,17070.0
2018-04-25 00:00:00+00:00,10955.0,185.0,16202.0
2018-04-26 00:00:00+00:00,24721.0,406.0,39450.0
2018-04-27 00:00:00+00:00,13568.0,201.0,22586.0
2018-04-28 00:00:00+00:00,10917.0,220.0,15911.0
2018-04-29 00:00:00+00:00,7986.0,153.0,12730.0
2018-04-30 00:00:00+00:00,19630.0,409.0,31578.0
2018-05-01 00:00:00+00:00,16367.0,323.0,24120.0
2018-05-02 00:00:00+00:00,9875.0,158.0,12223.0
2018-05-03 00:00:00+00:00,9526.0,196.0,12559.0
2018-05-04 00:00:00+00:00,8605.0,172.0,10272.0
2018-05-05 00:00:00+00:00,5517.0,172.0,8150.0
2018-05-06 00:00:00+00:00,5276.0,113.0,8385.0
2018-05-07 00:00:00+00:00,6463.0,111.0,9363.0
2018-05-08 00:00:00+00:00,15473.0,313.0,22629.0
2018-05-09 00:00:00+00:00,13082.0,245.0,16305.0
2018-05-10 00:00:00+00:00,11746.0,210.0,12695.0
2018-05-11 00:00:00+00:00,8102.0,199.0,9741.0
2018-05-12 00:00:00+00:00,5759.0,98.0,8000.0
2018-05-13 00:00:00+00:00,6045.0,131.0,8298.0
2018-05-14 00:00:00+00:00,5822.0,104.0,6637.0
2018-05-15 00:00:00+00:00,5240.0,74.0,6434.0
2018-05-16 00:00:00+00:00,5129.0,84.0,6101.0
2018-05-17 00:00:00+00:00,6151.0,106.0,7375.0
2018-05-18 00:00:00+00:00,5095.0,105.0,15102.0
2018-05-19 00:00:00+00:00,3802.0,54.0,11217.0
2018-05-20 00:00:00+00:00,5304.0,93.0,9267.0
2018-05-21 00:00:00+00:00,8050.0,133.0,10341.0
2018-05-22 00:00:00+00:00,7069.0,134.0,8416.0
2018-05-23 00:00:00+00:00,6449.0,126.0,8740.0
2018-05-24 00:00:00+00:00,8812.0,182.0,13961.0
2018-05-25 00:00:00+00:00,11757.0,224.0,25152.0
2018-05-26 00:00:00+00:00,6135.0,117.0,12053.0
2018-05-27 00:00:00+00:00,5103.0,130.0,7286.0
2018-05-28 00:00:00+00:00,5372.0,120.0,7559.0
2018-05-29 00:00:00+00:00,5611.0,112.0,10054.0
2018-05-30 00:00:00+00:00,7038.0,122.0,16357.0
2018-05-31 00:00:00+00:00,8085.0,146.0,16541.0
2018-06-01 00:00:00+00:00,6965.0,136.0,10513.0
2018-06-02 00:00:00+00:00,4823.0,87.0,5713.0
2018-06-03 00:00:00+00:00,4042.0,83.0,4320.0
2018-06-04 00:00:00+00:00,15110.0,237.0,14371.0
2018-06-05 00:00:00+00:00,22050.0,418.0,12606.0
2018-06-06 00:00:00+00:00,13936.0,263.0,15222.0
2018-06-07 00:00:00+00:00,8904.0,212.0,9541.0
2018-06-08 00:00:00+00:00,7702.0,138.0,11245.0
2018-06-09 00:00:00+00:00,6356.0,158.0,8833.0
2018-06-10 00:00:00+00:00,5201.0,132.0,5767.0
2018-06-11 00:00:00+00:00,5668.0,139.0,9165.0
2018-06-12 00:00:00+00:00,8075.0,153.0,13997.0
2018-06-13 00:00:00+00:00,6858.0,167.0,9190.0
2018-06-14 00:00:00+00:00,7236.0,117.0,7555.0
2018-06-15 00:00:00+00:00,18638.0,410.0,9994.0
2018-06-16 00:00:00+00:00,8296.0,184.0,10225.0
2018-06-17 00:00:00+00:00,4124.0,66.0,8185.0
2018-06-18 00:00:00+00:00,4162.0,60.0,5156.0
2018-06-19 00:00:00+00:00,4155.0,58.0,5093.0
2018-06-20 00:00:00+00:00,4158.0,86.0,5786.0
2018-06-21 00:00:00+00:00,4443.0,65.0,6110.0
2018-06-22 00:00:00+00:00,4201.0,77.0,6729.0
2018-06-23 00:00:00+00:00,3491.0,62.0,6553.0
2018-06-24 00:00:00+00:00,3356.0,67.0,4839.0
2018-06-25 00:00:00+00:00,4715.0,81.0,7873.0
2018-06-26 00:00:00+00:00,5870.0,102.0,19172.0
2018-06-27 00:00:00+00:00,5683.0,86.0,11117.0
2018-06-28 00:00:00+00:00,6071.0,102.0,10815.0
2018-06-29 00:00:00+00:00,6310.0,127.0,11765.0
2018-06-30 00:00:00+00:00,5431.0,104.0,9771.0
2018-07-01 00:00:00+00:00,16190.0,266.0,20564.0
2018-07-02 00:00:00+00:00,3492.0,65.0,5710.0
2018-07-03 00:00:00+00:00,10834.0,246.0,28226.0
2018-07-04 00:00:00+00:00,3975.0,85.0,8007.0
2018-07-06 00:00:00+00:00,21683.0,384.0,58744.0
2018-07-07 00:00:00+00:00,8549.0,195.0,32889.0
2018-07-08 00:00:00+00:00,5310.0,137.0,12454.0
2018-07-09 00:00:00+00:00,8725.0,203.0,10614.0
2018-07-10 00:00:00+00:00,13094.0,232.0,20908.0
2018-07-11 00:00:00+00:00,9817.0,204.0,14429.0
2018-07-12 00:00:00+00:00,16910.0,254.0,23214.0
2018-07-13 00:00:00+00:00,7071.0,111.0,11037.0
2018-07-14 00:00:00+00:00,5304.0,87.0,9640.0
2018-07-15 00:00:00+00:00,8716.0,180.0,10638.0
2018-07-16 00:00:00+00:00,7850.0,122.0,8584.0
2018-07-17 00:00:00+00:00,7632.0,134.0,10082.0
2018-07-18 00:00:00+00:00,7988.0,182.0,11672.0
2018-07-19 00:00:00+00:00,4363.0,82.0,6216.0
2018-07-20 00:00:00+00:00,9294.0,134.0,11960.0
2018-07-21 00:00:00+00:00,3092.0,67.0,4485.0
2018-07-22 00:00:00+00:00,2466.0,61.0,3892.0
2018-07-23 00:00:00+00:00,4337.0,96.0,9041.0
2018-07-24 00:00:00+00:00,11884.0,246.0,11816.0
2018-07-25 00:00:00+00:00,4488.0,85.0,5539.0
2018-07-27 00:00:00+00:00,11686.0,230.0,16562.0
2018-07-28 00:00:00+00:00,5286.0,130.0,8917.0
2018-07-29 00:00:00+00:00,4196.0,94.0,6060.0
2018-07-30 00:00:00+00:00,7130.0,164.0,8770.0
2018-07-31 00:00:00+00:00,13126.0,296.0,17404.0
2018-08-01 00:00:00+00:00,5885.0,131.0,7709.0
2018-08-02 00:00:00+00:00,6587.0,136.0,13477.0
2018-08-03 00:00:00+00:00,5409.0,129.0,8766.0
2018-08-04 00:00:00+00:00,3084.0,69.0,5780.0
2018-08-05 00:00:00+00:00,3540.0,68.0,5123.0
2018-08-06 00:00:00+00:00,4491.0,75.0,5118.0
2018-08-07 00:00:00+00:00,3792.0,67.0,5143.0
2018-08-08 00:00:00+00:00,3983.0,73.0,4513.0
2018-08-09 00:00:00+00:00,6900.0,125.0,6209.0
2018-08-10 00:00:00+00:00,6214.0,100.0,6694.0
2018-08-11 00:00:00+00:00,2834.0,52.0,3677.0
2018-08-12 00:00:00+00:00,3028.0,51.0,5378.0
2018-08-13 00:00:00+00:00,4291.0,94.0,5469.0
2018-08-14 00:00:00+00:00,5347.0,106.0,8160.0
2018-08-15 00:00:00+00:00,5228.0,113.0,11949.0
2018-08-16 00:00:00+00:00,4470.0,84.0,8273.0
2018-08-17 00:00:00+00:00,5025.0,105.0,8386.0
2018-08-18 00:00:00+00:00,5337.0,116.0,13709.0
2018-08-19 00:00:00+00:00,3026.0,82.0,6875.0
2018-08-20 00:00:00+00:00,24056.0,536.0,39721.0
2018-08-21 00:00:00+00:00,14159.0,328.0,23568.0
2018-08-22 00:00:00+00:00,7847.0,201.0,12202.0
2018-08-23 00:00:00+00:00,6802.0,188.0,10438.0
2018-08-24 00:00:00+00:00,9340.0,294.0,8492.0
2018-08-25 00:00:00+00:00,8322.0,215.0,5537.0
2018-08-26 00:00:00+00:00,4605.0,118.0,4111.0
2018-08-27 00:00:00+00:00,3744.0,88.0,4477.0
2018-08-28 00:00:00+00:00,6756.0,121.0,16007.0
2018-08-29 00:00:00+00:00,5024.0,123.0,10940.0
2018-08-30 00:00:00+00:00,5021.0,114.0,7648.0
2018-08-31 00:00:00+00:00,4168.0,107.0,6478.0
2018-09-01 00:00:00+00:00,3776.0,84.0,20865.0
2018-09-02 00:00:00+00:00,3383.0,68.0,5639.0
2018-09-03 00:00:00+00:00,3612.0,74.0,6103.0
2018-09-04 00:00:00+00:00,4075.0,177.0,6055.0
2018-09-05 00:00:00+00:00,4451.0,113.0,5242.0
2018-09-06 00:00:00+00:00,4707.0,97.0,4881.0
2018-09-07 00:00:00+00:00,4456.0,87.0,7729.0
2018-09-08 00:00:00+00:00,3298.0,80.0,13283.0
2018-09-09 00:00:00+00:00,5673.0,135.0,38495.0
2018-09-10 00:00:00+00:00,9957.0,185.0,21707.0
2018-09-11 00:00:00+00:00,8221.0,216.0,14200.0
2018-09-12 00:00:00+00:00,9394.0,230.0,10977.0
2018-09-13 00:00:00+00:00,9596.0,207.0,12774.0
2018-09-14 00:00:00+00:00,6796.0,256.0,12761.0
2018-09-15 00:00:00+00:00,4933.0,133.0,11054.0
2018-09-16 00:00:00+00:00,13333.0,245.0,30257.0
2018-09-17 00:00:00+00:00,28581.0,612.0,76692.0
2018-09-18 00:00:00+00:00,12415.0,242.0,29960.0
2018-09-19 00:00:00+00:00,23991.0,564.0,71180.0
2018-09-20 00:00:00+00:00,32811.0,626.0,60356.0
2018-09-21 00:00:00+00:00,40295.0,817.0,202465.0
2018-09-22 00:00:00+00:00,16941.0,400.0,101795.0
2018-09-23 00:00:00+00:00,29815.0,763.0,134665.0
2018-09-24 00:00:00+00:00,77921.0,1476.0,200105.0
2018-09-25 00:00:00+00:00,31593.0,819.0,82691.0
2018-09-26 00:00:00+00:00,36739.0,891.0,112524.0
2018-09-27 00:00:00+00:00,59845.0,1132.0,204995.0
2018-09-28 00:00:00+00:00,46442.0,870.0,143631.0
2018-09-29 00:00:00+00:00,32995.0,724.0,88400.0
2018-09-30 00:00:00+00:00,21297.0,442.0,56369.0
2018-10-01 00:00:00+00:00,25045.0,815.0,46010.0
2018-10-02 00:00:00+00:00,21920.0,506.0,51835.0
2018-10-03 00:00:00+00:00,27129.0,688.0,62250.0
2018-10-04 00:00:00+00:00,35062.0,769.0,98906.0
2018-10-05 00:00:00+00:00,45833.0,975.0,124098.0
2018-10-06 00:00:00+00:00,35303.0,840.0,96164.0
2018-10-07 00:00:00+00:00,24997.0,574.0,65495.0
2018-10-08 00:00:00+00:00,32676.0,721.0,69466.0
2018-10-09 00:00:00+00:00,67070.0,1419.0,159548.0
2018-10-10 00:00:00+00:00,53656.0,1333.0,107392.0
2018-10-11 00:00:00+00:00,50519.0,1117.0,96994.0
2018-10-12 00:00:00+00:00,47895.0,1070.0,106259.0
2018-10-13 00:00:00+00:00,36774.0,1005.0,80462.0
2018-10-14 00:00:00+00:00,39776.0,930.0,105247.0
2018-10-15 00:00:00+00:00,37081.0,816.0,97255.0
2018-10-16 00:00:00+00:00,31260.0,699.0,64667.0
2018-10-17 00:00:00+00:00,29211.0,592.0,63380.0
2018-10-18 00:00:00+00:00,23641.0,520.0,44957.0
2018-10-19 00:00:00+00:00,17507.0,351.0,30142.0
2018-10-20 00:00:00+00:00,21525.0,466.0,24848.0
2018-10-21 00:00:00+00:00,15690.0,376.0,28117.0
2018-10-22 00:00:00+00:00,14101.0,233.0,40120.0
2018-10-23 00:00:00+00:00,14710.0,256.0,22280.0
2018-10-24 00:00:00+00:00,16846.0,272.0,20652.0
2018-10-25 00:00:00+00:00,16274.0,309.0,29305.0
2018-10-26 00:00:00+00:00,27154.0,253.0,18235.0
2018-10-27 00:00:00+00:00,16216.0,341.0,25843.0
2018-10-28 00:00:00+00:00,8974.0,190.0,13508.0
2018-10-29 00:00:00+00:00,10263.0,220.0,15729.0
2018-10-30 00:00:00+00:00,9115.0,200.0,13340.0
2018-10-31 00:00:00+00:00,7985.0,157.0,9637.0
2018-11-01 00:00:00+00:00,18151.0,276.0,20735.0
2018-11-02 00:00:00+00:00,16802.0,204.0,16418.0
2018-11-03 00:00:00+00:00,19948.0,186.0,23665.0
2018-11-04 00:00:00+00:00,6541.0,131.0,11237.0
2018-11-05 00:00:00+00:00,12422.0,227.0,8238.0
2018-11-06 00:00:00+00:00,6831.0,102.0,8121.0
2018-11-07 00:00:00+00:00,6909.0,133.0,11441.0
2018-11-08 00:00:00+00:00,7358.0,124.0,12711.0
2018-11-09 00:00:00+00:00,5577.0,92.0,8928.0
2018-11-10 00:00:00+00:00,4190.0,71.0,6895.0
2018-11-11 00:00:00+00:00,3656.0,74.0,5728.0
2018-11-12 00:00:00+00:00,5768.0,95.0,9698.0
2018-11-13 00:00:00+00:00,6139.0,124.0,9976.0
2018-11-14 00:00:00+00:00,5347.0,83.0,7309.0
2018-11-15 00:00:00+00:00,7116.0,144.0,12562.0
2018-11-16 00:00:00+00:00,5471.0,107.0,12055.0
2018-11-17 00:00:00+00:00,4409.0,92.0,7178.0
2018-11-18 00:00:00+00:00,4746.0,96.0,8268.0
2018-11-19 00:00:00+00:00,5483.0,91.0,8983.0
2018-11-20 00:00:00+00:00,5138.0,90.0,6715.0
2018-11-21 00:00:00+00:00,6062.0,125.0,7295.0
2018-11-22 00:00:00+00:00,3803.0,85.0,5772.0
2018-11-23 00:00:00+00:00,3802.0,68.0,6472.0
2018-11-24 00:00:00+00:00,3475.0,72.0,7719.0
2018-11-25 00:00:00+00:00,5018.0,176.0,7221.0
2018-11-26 00:00:00+00:00,5605.0,144.0,12147.0
2018-11-27 00:00:00+00:00,6803.0,142.0,10305.0
2018-11-28 00:00:00+00:00,6363.0,131.0,13196.0
2018-11-29 00:00:00+00:00,6264.0,128.0,14662.0
2018-11-30 00:00:00+00:00,6133.0,100.0,7571.0
2018-12-01 00:00:00+00:00,9490.0,175.0,8019.0
2018-12-02 00:00:00+00:00,4718.0,111.0,7948.0
2018-12-03 00:00:00+00:00,10138.0,312.0,13623.0
2018-12-04 00:00:00+00:00,9533.0,246.0,12639.0
2018-12-05 00:00:00+00:00,7337.0,156.0,20579.0
2018-12-06 00:00:00+00:00,8182.0,170.0,11362.0
2018-12-07 00:00:00+00:00,6271.0,164.0,10415.0
2018-12-08 00:00:00+00:00,4421.0,244.0,7987.0
2018-12-09 00:00:00+00:00,3827.0,150.0,6026.0
2018-12-10 00:00:00+00:00,5156.0,125.0,7287.0
2018-12-11 00:00:00+00:00,6922.0,146.0,31601.0
2018-12-12 00:00:00+00:00,6985.0,172.0,30403.0
2018-12-13 00:00:00+00:00,4869.0,105.0,15000.0
2018-12-14 00:00:00+00:00,4344.0,125.0,24828.0
2018-12-15 00:00:00+00:00,2453.0,48.0,7119.0
2018-12-16 00:00:00+00:00,2298.0,46.0,7795.0
2018-12-17 00:00:00+00:00,8671.0,204.0,24285.0
2018-12-18 00:00:00+00:00,11758.0,199.0,9016.0
2018-12-19 00:00:00+00:00,4162.0,76.0,5812.0
2018-12-20 00:00:00+00:00,3590.0,95.0,5806.0
2018-12-21 00:00:00+00:00,2577.0,42.0,5023.0
2018-12-22 00:00:00+00:00,2355.0,46.0,9976.0
2018-12-23 00:00:00+00:00,2620.0,80.0,8591.0
2018-12-24 00:00:00+00:00,2807.0,64.0,6382.0
2018-12-25 00:00:00+00:00,2009.0,52.0,4423.0
2018-12-26 00:00:00+00:00,4500.0,148.0,12095.0
2018-12-27 00:00:00+00:00,3451.0,90.0,6689.0
2018-12-28 00:00:00+00:00,3507.0,69.0,5542.0
2018-12-29 00:00:00+00:00,2598.0,60.0,4156.0
2018-12-30 00:00:00+00:00,2383.0,52.0,5584.0
2018-12-31 00:00:00+00:00,2833.0,53.0,6815.0
2019-01-01 00:00:00+00:00,2055.0,41.0,4800.0
2019-01-02 00:00:00+00:00,2414.0,35.0,3952.0
2019-01-03 00:00:00+00:00,2826.0,55.0,5653.0
2019-01-04 00:00:00+00:00,4444.0,93.0,14423.0
2019-01-05 00:00:00+00:00,3204.0,64.0,8972.0
2019-01-06 00:00:00+00:00,5994.0,157.0,27380.0
2019-01-07 00:00:00+00:00,5852.0,156.0,19061.0
2019-01-08 00:00:00+00:00,3936.0,101.0,9313.0
2019-01-09 00:00:00+00:00,4838.0,101.0,9012.0
2019-01-10 00:00:00+00:00,7713.0,181.0,11393.0
2019-01-11 00:00:00+00:00,5503.0,114.0,7624.0
2019-01-12 00:00:00+00:00,3505.0,94.0,6605.0
2019-01-13 00:00:00+00:00,3795.0,97.0,6949.0
2019-01-14 00:00:00+00:00,4238.0,88.0,7583.0
2019-01-15 00:00:00+00:00,7478.0,124.0,9808.0
2019-01-16 00:00:00+00:00,5484.0,75.0,10698.0
2019-01-17 00:00:00+00:00,4908.0,98.0,9234.0
2019-01-18 00:00:00+00:00,5099.0,123.0,7593.0
2019-01-19 00:00:00+00:00,3775.0,80.0,8149.0
2019-01-20 00:00:00+00:00,2870.0,58.0,5129.0
2019-01-21 00:00:00+00:00,3022.0,72.0,7158.0
2019-01-22 00:00:00+00:00,3830.0,69.0,8652.0
2019-01-23 00:00:00+00:00,3688.0,76.0,9928.0
2019-01-24 00:00:00+00:00,3040.0,71.0,6422.0
2019-01-25 00:00:00+00:00,2276.0,38.0,5033.0
2019-01-26 00:00:00+00:00,2007.0,37.0,5479.0
2019-01-27 00:00:00+00:00,2227.0,51.0,5902.0
2019-01-28 00:00:00+00:00,3460.0,76.0,8739.0
2019-01-29 00:00:00+00:00,3676.0,51.0,11890.0
2019-01-30 00:00:00+00:00,3087.0,54.0,9439.0
2019-01-31 00:00:00+00:00,2999.0,63.0,9329.0
2019-02-01 00:00:00+00:00,3145.0,73.0,6935.0
2019-02-02 00:00:00+00:00,2241.0,50.0,5328.0
2019-02-03 00:00:00+00:00,2040.0,50.0,5827.0
2019-02-04 00:00:00+00:00,2693.0,71.0,8817.0
2019-02-05 00:00:00+00:00,2791.0,63.0,6840.0
2019-02-06 00:00:00+00:00,2252.0,48.0,5204.0
2019-02-10 00:00:00+00:00,782.0,11.0,1917.0
2019-02-11 00:00:00+00:00,3194.0,66.0,7903.0
2019-02-12 00:00:00+00:00,2836.0,59.0,7064.0
2019-02-13 00:00:00+00:00,3371.0,54.0,5434.0
2019-02-14 00:00:00+00:00,3158.0,76.0,6172.0
2019-02-15 00:00:00+00:00,2684.0,58.0,4721.0
2019-02-16 00:00:00+00:00,1943.0,70.0,3856.0
2019-02-17 00:00:00+00:00,1874.0,35.0,3965.0
2019-02-18 00:00:00+00:00,2410.0,53.0,5711.0
2019-02-19 00:00:00+00:00,3193.0,55.0,6325.0
2019-02-20 00:00:00+00:00,3631.0,81.0,11640.0
2019-02-21 00:00:00+00:00,2487.0,66.0,6080.0
2019-02-22 00:00:00+00:00,3997.0,79.0,8832.0
2019-02-23 00:00:00+00:00,2669.0,75.0,7977.0
2019-02-24 00:00:00+00:00,2141.0,114.0,4880.0
2019-02-25 00:00:00+00:00,2863.0,75.0,7125.0
2019-02-26 00:00:00+00:00,3310.0,61.0,6466.0
2019-02-27 00:00:00+00:00,3214.0,54.0,6867.0
2019-02-28 00:00:00+00:00,3508.0,103.0,6511.0
2019-03-01 00:00:00+00:00,3650.0,68.0,7854.0
2019-03-02 00:00:00+00:00,2358.0,44.0,7231.0
2019-03-03 00:00:00+00:00,2890.0,53.0,7532.0
2019-03-04 00:00:00+00:00,4054.0,102.0,6222.0
2019-03-05 00:00:00+00:00,3201.0,80.0,9063.0
2019-03-06 00:00:00+00:00,3705.0,74.0,7795.0
2019-03-07 00:00:00+00:00,3280.0,74.0,6302.0
2019-03-08 00:00:00+00:00,4216.0,77.0,8395.0
2019-03-09 00:00:00+00:00,2408.0,65.0,5075.0
2019-03-10 00:00:00+00:00,1693.0,57.0,3638.0
2019-03-11 00:00:00+00:00,3102.0,70.0,6384.0
2019-03-12 00:00:00+00:00,2893.0,68.0,7760.0
2019-03-13 00:00:00+00:00,2367.0,61.0,10086.0
2019-03-14 00:00:00+00:00,2234.0,52.0,5984.0
2019-03-15 00:00:00+00:00,1792.0,45.0,4077.0
2019-03-16 00:00:00+00:00,1978.0,55.0,3217.0
2019-03-17 00:00:00+00:00,2044.0,64.0,2958.0
2019-03-18 00:00:00+00:00,27902.0,47.0,4007.0
2019-03-19 00:00:00+00:00,2333.0,35.0,4079.0
2019-03-20 00:00:00+00:00,7606.0,43.0,4067.0
2019-03-21 00:00:00+00:00,2018.0,48.0,5426.0
2019-03-22 00:00:00+00:00,2084.0,28.0,5416.0
2019-03-23 00:00:00+00:00,1896.0,50.0,3543.0
2019-03-24 00:00:00+00:00,1729.0,36.0,3713.0
2019-03-25 00:00:00+00:00,3144.0,81.0,5508.0
2019-03-26 00:00:00+00:00,3232.0,85.0,6180.0
2019-03-27 00:00:00+00:00,3255.0,97.0,8345.0
2019-03-28 00:00:00+00:00,3115.0,125.0,8182.0
2019-03-29 00:00:00+00:00,2958.0,69.0,7048.0
2019-03-30 00:00:00+00:00,2786.0,70.0,6063.0
2019-03-31 00:00:00+00:00,2340.0,72.0,5497.0
2019-04-01 00:00:00+00:00,5026.0,121.0,21220.0
2019-04-02 00:00:00+00:00,7337.0,190.0,25777.0
2019-04-03 00:00:00+00:00,6557.0,182.0,14394.0
2019-04-04 00:00:00+00:00,4582.0,109.0,9995.0
2019-04-05 00:00:00+00:00,5050.0,112.0,9426.0
2019-04-06 00:00:00+00:00,2917.0,71.0,6026.0
2019-04-07 00:00:00+00:00,2224.0,49.0,4703.0
2019-04-08 00:00:00+00:00,2780.0,41.0,4592.0
2019-04-09 00:00:00+00:00,2701.0,61.0,4438.0
2019-04-10 00:00:00+00:00,2231.0,49.0,4275.0
2019-04-11 00:00:00+00:00,3759.0,111.0,9558.0
2019-04-12 00:00:00+00:00,2457.0,65.0,9161.0
2019-04-13 00:00:00+00:00,1955.0,46.0,6570.0
2019-04-14 00:00:00+00:00,1637.0,48.0,3241.0
2019-04-15 00:00:00+00:00,1815.0,42.0,3086.0
2019-04-16 00:00:00+00:00,1935.0,51.0,3705.0
2019-04-17 00:00:00+00:00,2192.0,46.0,3919.0
2019-04-18 00:00:00+00:00,2140.0,50.0,3773.0
2019-04-19 00:00:00+00:00,1759.0,36.0,7115.0
2019-04-20 00:00:00+00:00,2654.0,68.0,7974.0
2019-04-21 00:00:00+00:00,1256.0,35.0,3662.0
2019-04-22 00:00:00+00:00,1497.0,41.0,3328.0
2019-04-23 00:00:00+00:00,1712.0,39.0,3169.0
2019-04-24 00:00:00+00:00,1943.0,40.0,3980.0
2019-04-25 00:00:00+00:00,2016.0,34.0,3378.0
2019-04-26 00:00:00+00:00,1988.0,49.0,3862.0
2019-04-27 00:00:00+00:00,1609.0,36.0,3049.0
2019-04-28 00:00:00+00:00,1175.0,31.0,2605.0
2019-04-29 00:00:00+00:00,1847.0,34.0,3275.0
2019-04-30 00:00:00+00:00,1963.0,52.0,3441.0
2019-05-01 00:00:00+00:00,1848.0,41.0,3450.0
2019-05-02 00:00:00+00:00,1782.0,38.0,2491.0
2019-05-03 00:00:00+00:00,1930.0,44.0,3009.0
2019-05-04 00:00:00+00:00,1509.0,35.0,3316.0
2019-05-05 00:00:00+00:00,1307.0,29.0,2213.0
2019-05-06 00:00:00+00:00,1483.0,29.0,2227.0
2019-05-07 00:00:00+00:00,1505.0,37.0,3067.0
2019-05-08 00:00:00+00:00,1540.0,33.0,3035.0
2019-05-09 00:00:00+00:00,1718.0,25.0,3216.0
2019-05-10 00:00:00+00:00,2037.0,37.0,2813.0
2019-05-11 00:00:00+00:00,2067.0,64.0,3780.0
2019-05-12 00:00:00+00:00,1515.0,51.0,2996.0
2019-05-13 00:00:00+00:00,1553.0,25.0,3629.0
2019-05-14 00:00:00+00:00,1816.0,43.0,3559.0
2019-05-15 00:00:00+00:00,1817.0,35.0,3692.0
2019-05-16 00:00:00+00:00,1678.0,35.0,4963.0
2019-05-17 00:00:00+00:00,1888.0,36.0,3631.0
2019-05-18 00:00:00+00:00,1387.0,29.0,2652.0
2019-05-19 00:00:00+00:00,1331.0,33.0,3267.0
2019-05-20 00:00:00+00:00,1647.0,26.0,2667.0
2019-05-21 00:00:00+00:00,2313.0,38.0,4318.0
2019-05-22 00:00:00+00:00,2732.0,90.0,4194.0
2019-05-23 00:00:00+00:00,2299.0,44.0,6912.0
2019-05-24 00:00:00+00:00,1767.0,31.0,3611.0
2019-05-25 00:00:00+00:00,1273.0,23.0,2509.0
2019-05-26 00:00:00+00:00,1487.0,28.0,3072.0
2019-05-27 00:00:00+00:00,1432.0,38.0,2035.0
2019-05-28 00:00:00+00:00,1591.0,37.0,2195.0
2019-05-29 00:00:00+00:00,1665.0,38.0,2615.0
2019-05-30 00:00:00+00:00,1834.0,37.0,2649.0
2019-05-31 00:00:00+00:00,1679.0,30.0,2713.0
2019-06-01 00:00:00+00:00,1274.0,36.0,1807.0
2019-06-02 00:00:00+00:00,1031.0,28.0,1616.0
2019-06-03 00:00:00+00:00,1404.0,36.0,2199.0
2019-06-04 00:00:00+00:00,1562.0,36.0,3899.0
2019-06-05 00:00:00+00:00,1658.0,29.0,4300.0
2019-06-06 00:00:00+00:00,1995.0,52.0,5188.0
2019-06-07 00:00:00+00:00,1526.0,28.0,4164.0
2019-06-08 00:00:00+00:00,1133.0,33.0,2918.0
2019-06-09 00:00:00+00:00,1066.0,29.0,3747.0
2019-06-10 00:00:00+00:00,1464.0,27.0,3437.0
2019-06-11 00:00:00+00:00,1704.0,32.0,4028.0
2019-06-12 00:00:00+00:00,1702.0,20.0,5851.0
2019-06-13 00:00:00+00:00,2129.0,45.0,4962.0
2019-06-14 00:00:00+00:00,1613.0,37.0,3832.0
2019-06-15 00:00:00+00:00,1195.0,23.0,2700.0
2019-06-16 00:00:00+00:00,947.0,26.0,1873.0
2019-06-17 00:00:00+00:00,1170.0,22.0,2253.0
2019-06-18 00:00:00+00:00,1388.0,24.0,2476.0
2019-06-19 00:00:00+00:00,1609.0,24.0,2879.0
2019-06-20 00:00:00+00:00,1465.0,36.0,3534.0
2019-06-21 00:00:00+00:00,1973.0,38.0,4839.0
2019-06-22 00:00:00+00:00,1644.0,32.0,6296.0
2019-06-23 00:00:00+00:00,1201.0,25.0,3150.0
2019-06-24 00:00:00+00:00,1494.0,35.0,4414.0
2019-06-25 00:00:00+00:00,1719.0,39.0,6242.0
2019-06-26 00:00:00+00:00,1608.0,40.0,3268.0
2019-06-27 00:00:00+00:00,1531.0,31.0,3030.0
2019-06-28 00:00:00+00:00,2276.0,58.0,6459.0
2019-06-29 00:00:00+00:00,1959.0,56.0,6188.0
2019-06-30 00:00:00+00:00,5406.0,175.0,17640.0
2019-07-01 00:00:00+00:00,1801.0,41.0,3226.0
2019-07-02 00:00:00+00:00,1528.0,17.0,2848.0
2019-07-03 00:00:00+00:00,2036.0,48.0,2799.0
2019-07-04 00:00:00+00:00,1595.0,43.0,2974.0
2019-07-05 00:00:00+00:00,1276.0,29.0,6925.0
2019-07-06 00:00:00+00:00,1269.0,35.0,4589.0
2019-07-07 00:00:00+00:00,1639.0,49.0,8848.0
2019-07-08 00:00:00+00:00,2775.0,90.0,14517.0
2019-07-09 00:00:00+00:00,2300.0,60.0,7065.0
2019-07-10 00:00:00+00:00,2075.0,47.0,7547.0
2019-07-11 00:00:00+00:00,2276.0,78.0,5703.0
2019-07-12 00:00:00+00:00,2211.0,72.0,4387.0
2019-07-13 00:00:00+00:00,1361.0,50.0,3254.0
2019-07-14 00:00:00+00:00,1013.0,33.0,2455.0
2019-07-15 00:00:00+00:00,1397.0,48.0,2546.0
2019-07-16 00:00:00+00:00,1513.0,47.0,3562.0
2019-07-17 00:00:00+00:00,1652.0,71.0,4860.0
2019-07-18 00:00:00+00:00,1808.0,50.0,3850.0
2019-07-19 00:00:00+00:00,1749.0,68.0,3683.0
2019-07-20 00:00:00+00:00,1619.0,51.0,4867.0
2019-07-21 00:00:00+00:00,1406.0,53.0,4307.0
2019-07-22 00:00:00+00:00,1798.0,51.0,4145.0
2019-07-23 00:00:00+00:00,1829.0,62.0,4761.0
2019-07-24 00:00:00+00:00,2535.0,80.0,6212.0
2019-07-25 00:00:00+00:00,1992.0,65.0,5770.0
2019-07-26 00:00:00+00:00,1360.0,34.0,2979.0
2019-07-27 00:00:00+00:00,949.0,30.0,2133.0
2019-07-28 00:00:00+00:00,766.0,29.0,1609.0
2019-07-29 00:00:00+00:00,1248.0,36.0,2268.0
2019-07-30 00:00:00+00:00,1521.0,65.0,3059.0
2019-07-31 00:00:00+00:00,1376.0,38.0,3224.0
2019-08-01 00:00:00+00:00,1852.0,62.0,2697.0
2019-08-02 00:00:00+00:00,1734.0,61.0,2811.0
2019-08-03 00:00:00+00:00,1325.0,36.0,2487.0
2019-08-04 00:00:00+00:00,992.0,29.0,2249.0
2019-08-05 00:00:00+00:00,1259.0,29.0,1874.0
2019-08-06 00:00:00+00:00,1978.0,60.0,2455.0
2019-08-07 00:00:00+00:00,2066.0,75.0,3121.0
2019-08-08 00:00:00+00:00,1806.0,54.0,6826.0
2019-08-09 00:00:00+00:00,1464.0,49.0,3194.0
2019-08-10 00:00:00+00:00,1371.0,50.0,3285.0
2019-08-11 00:00:00+00:00,1307.0,48.0,3681.0
2019-08-12 00:00:00+00:00,1619.0,55.0,2662.0
2019-08-13 00:00:00+00:00,2238.0,83.0,4211.0
2019-08-14 00:00:00+00:00,1986.0,51.0,5891.0
2019-08-15 00:00:00+00:00,1609.0,45.0,4000.0
2019-08-16 00:00:00+00:00,1556.0,49.0,2879.0
2019-08-17 00:00:00+00:00,1201.0,43.0,2730.0
2019-08-18 00:00:00+00:00,1302.0,46.0,2447.0
2019-08-19 00:00:00+00:00,1596.0,47.0,2528.0
2019-08-20 00:00:00+00:00,1502.0,40.0,3014.0
2019-08-21 00:00:00+00:00,1344.0,34.0,3041.0
2019-08-22 00:00:00+00:00,1467.0,35.0,5736.0
2019-08-23 00:00:00+00:00,2059.0,49.0,7029.0
2019-08-24 00:00:00+00:00,1172.0,49.0,4705.0
2019-08-25 00:00:00+00:00,1234.0,36.0,2366.0
2019-08-26 00:00:00+00:00,2114.0,80.0,3475.0
2019-08-27 00:00:00+00:00,2407.0,115.0,6095.0
2019-08-28 00:00:00+00:00,3231.0,128.0,9242.0
2019-08-29 00:00:00+00:00,2638.0,129.0,7190.0
2019-08-30 00:00:00+00:00,2222.0,89.0,5123.0
2019-08-31 00:00:00+00:00,3742.0,211.0,4303.0
2019-09-01 00:00:00+00:00,6481.0,405.0,4219.0
2019-09-02 00:00:00+00:00,2770.0,141.0,3327.0
2019-09-03 00:00:00+00:00,2136.0,78.0,4047.0
2019-09-04 00:00:00+00:00,2090.0,66.0,5433.0
2019-09-05 00:00:00+00:00,2097.0,61.0,5180.0
2019-09-06 00:00:00+00:00,2459.0,62.0,5857.0
2019-09-07 00:00:00+00:00,2026.0,78.0,5749.0
2019-09-08 00:00:00+00:00,1780.0,77.0,4547.0
2019-09-09 00:00:00+00:00,2083.0,57.0,5126.0
2019-09-10 00:00:00+00:00,1926.0,46.0,4190.0
2019-09-11 00:00:00+00:00,1933.0,57.0,3692.0
2019-09-12 00:00:00+00:00,2606.0,79.0,3444.0
2019-09-13 00:00:00+00:00,1736.0,45.0,3528.0
2019-09-14 00:00:00+00:00,1320.0,40.0,2421.0
2019-09-15 00:00:00+00:00,2086.0,47.0,5208.0
2019-09-16 00:00:00+00:00,1833.0,72.0,7089.0
2019-09-17 00:00:00+00:00,2177.0,66.0,6131.0
2019-09-18 00:00:00+00:00,2158.0,66.0,5216.0
2019-09-19 00:00:00+00:00,1856.0,54.0,4408.0
2019-09-20 00:00:00+00:00,1429.0,35.0,3124.0
2019-09-21 00:00:00+00:00,1153.0,40.0,2879.0
2019-09-22 00:00:00+00:00,1134.0,31.0,2434.0
2019-09-23 00:00:00+00:00,1347.0,36.0,3936.0
2019-09-24 00:00:00+00:00,1427.0,40.0,4916.0
2019-09-25 00:00:00+00:00,2346.0,75.0,5614.0
2019-09-26 00:00:00+00:00,2165.0,64.0,5049.0
2019-09-27 00:00:00+00:00,2578.0,59.0,5806.0
2019-09-28 00:00:00+00:00,1595.0,73.0,3868.0
2019-09-29 00:00:00+00:00,1339.0,47.0,3114.0
2019-09-30 00:00:00+00:00,1823.0,44.0,5407.0
2019-10-01 00:00:00+00:00,1766.0,36.0,6069.0
2019-10-02 00:00:00+00:00,1999.0,55.0,4827.0
2019-10-03 00:00:00+00:00,2007.0,35.0,3772.0
2019-10-04 00:00:00+00:00,1988.0,32.0,3898.0
2019-10-05 00:00:00+00:00,1549.0,37.0,4191.0
2019-10-06 00:00:00+00:00,1806.0,54.0,4811.0
2019-10-07 00:00:00+00:00,1918.0,44.0,4816.0
2019-10-08 00:00:00+00:00,1679.0,28.0,3917.0
2019-10-09 00:00:00+00:00,3879.0,97.0,7811.0
2019-10-10 00:00:00+00:00,2973.0,109.0,7138.0
2019-10-11 00:00:00+00:00,2699.0,93.0,7675.0
2019-10-12 00:00:00+00:00,1427.0,38.0,6992.0
2019-10-13 00:00:00+00:00,1565.0,58.0,4341.0
2019-10-14 00:00:00+00:00,1705.0,37.0,3148.0
2019-10-15 00:00:00+00:00,3007.0,61.0,7844.0
2019-10-16 00:00:00+00:00,2050.0,55.0,5463.0
2019-10-17 00:00:00+00:00,1641.0,35.0,3574.0
2019-10-18 00:00:00+00:00,1500.0,28.0,4766.0
2019-10-19 00:00:00+00:00,1970.0,72.0,8997.0
2019-10-20 00:00:00+00:00,1810.0,59.0,5197.0
2019-10-21 00:00:00+00:00,1603.0,36.0,4717.0
2019-10-22 00:00:00+00:00,2007.0,52.0,5609.0
2019-10-23 00:00:00+00:00,1784.0,34.0,4751.0
2019-10-24 00:00:00+00:00,1882.0,55.0,5948.0
2019-10-25 00:00:00+00:00,2162.0,68.0,5905.0
2019-10-26 00:00:00+00:00,1579.0,49.0,4106.0
2019-10-27 00:00:00+00:00,1339.0,39.0,5156.0
2019-10-28 00:00:00+00:00,1934.0,47.0,5456.0
2019-10-29 00:00:00+00:00,1902.0,41.0,5097.0
2019-10-30 00:00:00+00:00,1825.0,45.0,4455.0
2019-10-31 00:00:00+00:00,1688.0,45.0,4235.0
2019-11-01 00:00:00+00:00,2146.0,69.0,4793.0
2019-11-02 00:00:00+00:00,1499.0,48.0,16575.0
2019-11-03 00:00:00+00:00,11174.0,49.0,5347.0
2019-11-04 00:00:00+00:00,2218.0,53.0,7966.0
2019-11-05 00:00:00+00:00,2749.0,76.0,7718.0
2019-11-06 00:00:00+00:00,2273.0,55.0,5733.0
2019-11-07 00:00:00+00:00,2261.0,42.0,4887.0
2019-11-08 00:00:00+00:00,2356.0,40.0,6385.0
2019-11-09 00:00:00+00:00,1690.0,43.0,4502.0
2019-11-10 00:00:00+00:00,1582.0,51.0,4668.0
2019-11-11 00:00:00+00:00,1480.0,34.0,6343.0
2019-11-12 00:00:00+00:00,1923.0,48.0,8193.0
2019-11-13 00:00:00+00:00,1816.0,51.0,4115.0
2019-11-14 00:00:00+00:00,2014.0,49.0,4200.0
2019-11-15 00:00:00+00:00,5513.0,138.0,11843.0
2019-11-16 00:00:00+00:00,1501.0,39.0,4440.0
2019-11-17 00:00:00+00:00,1187.0,32.0,3479.0
2019-11-18 00:00:00+00:00,1677.0,41.0,4801.0
2019-11-19 00:00:00+00:00,1460.0,40.0,4720.0
2019-11-20 00:00:00+00:00,1043.0,28.0,2653.0
2019-11-21 00:00:00+00:00,12.0,,48.0
2019-11-23 00:00:00+00:00,1058.0,24.0,2551.0
2019-11-24 00:00:00+00:00,1159.0,27.0,3344.0
2019-11-25 00:00:00+00:00,1814.0,41.0,5366.0
2019-11-26 00:00:00+00:00,1686.0,47.0,3785.0
2019-11-27 00:00:00+00:00,1444.0,30.0,4692.0
2019-11-28 00:00:00+00:00,1329.0,44.0,3609.0
2019-11-29 00:00:00+00:00,1164.0,22.0,3233.0
2019-11-30 00:00:00+00:00,1015.0,22.0,3450.0
2019-12-01 00:00:00+00:00,1101.0,46.0,2523.0
2019-12-02 00:00:00+00:00,2138.0,74.0,4094.0
2019-12-03 00:00:00+00:00,2012.0,77.0,3446.0
2019-12-04 00:00:00+00:00,1281.0,29.0,2706.0
2019-12-05 00:00:00+00:00,1390.0,51.0,3121.0
2019-12-06 00:00:00+00:00,1421.0,31.0,2873.0
2019-12-07 00:00:00+00:00,1047.0,29.0,2289.0
2019-12-08 00:00:00+00:00,1199.0,29.0,2828.0
2019-12-09 00:00:00+00:00,1573.0,21.0,3611.0
2019-12-10 00:00:00+00:00,1491.0,30.0,4285.0
2019-12-11 00:00:00+00:00,1798.0,51.0,5640.0
2019-12-12 00:00:00+00:00,1769.0,52.0,5081.0
2019-12-13 00:00:00+00:00,1472.0,33.0,3030.0
2019-12-14 00:00:00+00:00,1269.0,28.0,2754.0
2019-12-15 00:00:00+00:00,1084.0,18.0,3232.0
2019-12-16 00:00:00+00:00,4370.0,224.0,6256.0
2019-12-17 00:00:00+00:00,5195.0,294.0,8858.0
2019-12-18 00:00:00+00:00,10291.0,541.0,24117.0
2019-12-19 00:00:00+00:00,5029.0,237.0,10513.0
2019-12-20 00:00:00+00:00,2500.0,93.0,5385.0
2019-12-21 00:00:00+00:00,1428.0,57.0,5227.0
2019-12-22 00:00:00+00:00,1098.0,40.0,3248.0
2019-12-23 00:00:00+00:00,1316.0,55.0,2914.0
2019-12-24 00:00:00+00:00,1612.0,95.0,4119.0
2019-12-25 00:00:00+00:00,1052.0,54.0,2294.0
2019-12-26 00:00:00+00:00,1146.0,31.0,4917.0
2019-12-27 00:00:00+00:00,1796.0,89.0,3775.0
2019-12-28 00:00:00+00:00,744.0,20.0,2651.0
2019-12-29 00:00:00+00:00,737.0,19.0,2113.0
2019-12-30 00:00:00+00:00,1358.0,30.0,3772.0
2019-12-31 00:00:00+00:00,1362.0,25.0,2815.0
2020-01-01 00:00:00+00:00,787.0,31.0,1923.0
2020-01-02 00:00:00+00:00,1168.0,37.0,2723.0
2020-01-03 00:00:00+00:00,1474.0,47.0,3255.0
2020-01-04 00:00:00+00:00,1328.0,38.0,7659.0
2020-01-05 00:00:00+00:00,1777.0,50.0,4475.0
2020-01-06 00:00:00+00:00,3600.0,100.0,6257.0
2020-01-07 00:00:00+00:00,2325.0,50.0,6006.0
2020-01-08 00:00:00+00:00,1481.0,43.0,4925.0
2020-01-09 00:00:00+00:00,1467.0,30.0,2927.0
2020-01-10 00:00:00+00:00,1362.0,46.0,4507.0
2020-01-11 00:00:00+00:00,1759.0,35.0,4022.0
2020-01-12 00:00:00+00:00,1172.0,42.0,2638.0
2020-01-13 00:00:00+00:00,1497.0,28.0,2635.0
2020-01-14 00:00:00+00:00,1690.0,33.0,3686.0
2020-01-15 00:00:00+00:00,1680.0,30.0,6186.0
2020-01-16 00:00:00+00:00,1985.0,48.0,5967.0
2020-01-17 00:00:00+00:00,2089.0,48.0,5251.0
2020-01-18 00:00:00+00:00,1743.0,63.0,4877.0
2020-01-19 00:00:00+00:00,1367.0,42.0,3396.0
2020-01-20 00:00:00+00:00,1494.0,27.0,2765.0
2020-01-21 00:00:00+00:00,1417.0,35.0,2608.0
2020-01-22 00:00:00+00:00,2091.0,37.0,3456.0
2020-01-23 00:00:00+00:00,1879.0,27.0,7682.0
2020-01-24 00:00:00+00:00,2664.0,62.0,8826.0
2020-01-25 00:00:00+00:00,1240.0,25.0,4956.0
2020-01-26 00:00:00+00:00,1160.0,27.0,3441.0
2020-01-27 00:00:00+00:00,1496.0,30.0,4180.0
2020-01-28 00:00:00+00:00,1733.0,35.0,23152.0
2020-01-29 00:00:00+00:00,1671.0,36.0,10145.0
2020-01-30 00:00:00+00:00,2019.0,37.0,5603.0
2020-01-31 00:00:00+00:00,67730.0,56.0,4248.0
2020-02-01 00:00:00+00:00,1489.0,40.0,23492.0
2020-02-02 00:00:00+00:00,1754.0,38.0,44415.0
2020-02-03 00:00:00+00:00,1646.0,37.0,20252.0
2020-02-04 00:00:00+00:00,1602.0,34.0,6640.0
2020-02-05 00:00:00+00:00,1456.0,30.0,4174.0
2020-02-06 00:00:00+00:00,1689.0,54.0,5118.0
2020-02-07 00:00:00+00:00,1441.0,27.0,5480.0
2020-02-08 00:00:00+00:00,1338.0,39.0,4343.0
2020-02-09 00:00:00+00:00,1149.0,24.0,3652.0
2020-02-10 00:00:00+00:00,1456.0,34.0,6667.0
2020-02-11 00:00:00+00:00,1605.0,40.0,6150.0
2020-02-12 00:00:00+00:00,1487.0,39.0,3125.0
2020-02-13 00:00:00+00:00,1460.0,39.0,3291.0
2020-02-14 00:00:00+00:00,1441.0,43.0,3767.0
2020-02-15 00:00:00+00:00,1245.0,36.0,3968.0
2020-02-16 00:00:00+00:00,1033.0,26.0,3436.0
2020-02-17 00:00:00+00:00,1425.0,38.0,3422.0
2020-02-18 00:00:00+00:00,1876.0,52.0,4507.0
2020-02-19 00:00:00+00:00,1436.0,32.0,3532.0
2020-02-20 00:00:00+00:00,1722.0,30.0,5145.0
2020-02-21 00:00:00+00:00,1613.0,39.0,3227.0
2020-02-22 00:00:00+00:00,1122.0,33.0,6388.0
2020-02-23 00:00:00+00:00,867.0,22.0,3712.0
2020-02-24 00:00:00+00:00,9628.0,241.0,23273.0
2020-02-25 00:00:00+00:00,6370.0,202.0,16858.0
2020-02-26 00:00:00+00:00,2551.0,49.0,9214.0
2020-02-27 00:00:00+00:00,1746.0,31.0,6290.0
2020-02-28 00:00:00+00:00,2170.0,58.0,7945.0
2020-02-29 00:00:00+00:00,2587.0,81.0,9015.0
2020-03-01 00:00:00+00:00,1482.0,39.0,5229.0
2020-03-02 00:00:00+00:00,1662.0,32.0,5305.0
2020-03-03 00:00:00+00:00,2832.0,78.0,10359.0
2020-03-04 00:00:00+00:00,2017.0,54.0,9567.0
2020-03-05 00:00:00+00:00,1895.0,48.0,5321.0
2020-03-06 00:00:00+00:00,2389.0,84.0,4759.0
2020-03-07 00:00:00+00:00,2054.0,60.0,5113.0
2020-03-08 00:00:00+00:00,4149.0,187.0,7442.0
2020-03-09 00:00:00+00:00,1888.0,55.0,4739.0
2020-03-10 00:00:00+00:00,1423.0,37.0,4221.0
2020-03-11 00:00:00+00:00,8246.0,198.0,27707.0
2020-03-12 00:00:00+00:00,2936.0,102.0,8210.0
2020-03-13 00:00:00+00:00,1292.0,25.0,3115.0
2020-03-14 00:00:00+00:00,760.0,23.0,2032.0
2020-03-15 00:00:00+00:00,802.0,27.0,1649.0
2020-03-16 00:00:00+00:00,980.0,31.0,1645.0
2020-03-17 00:00:00+00:00,828.0,20.0,1730.0
2020-03-18 00:00:00+00:00,733.0,24.0,1665.0
2020-03-19 00:00:00+00:00,705.0,21.0,1733.0
2020-03-20 00:00:00+00:00,610.0,21.0,1526.0
2020-03-21 00:00:00+00:00,531.0,21.0,1182.0
2020-03-22 00:00:00+00:00,601.0,13.0,1362.0
2020-03-23 00:00:00+00:00,1880.0,60.0,2363.0
2020-03-24 00:00:00+00:00,609.0,19.0,946.0
2020-03-25 00:00:00+00:00,359.0,11.0,3338.0
2020-03-26 00:00:00+00:00,2827.0,66.0,13335.0
2020-03-27 00:00:00+00:00,3624.0,68.0,15716.0
2020-03-28 00:00:00+00:00,2266.0,51.0,9566.0
2020-03-29 00:00:00+00:00,1633.0,41.0,8543.0
2020-03-30 00:00:00+00:00,1370.0,29.0,8018.0
2020-03-31 00:00:00+00:00,1406.0,25.0,6473.0
2020-04-01 00:00:00+00:00,1577.0,42.0,5963.0
2020-04-02 00:00:00+00:00,2077.0,35.0,7779.0
2020-04-03 00:00:00+00:00,1592.0,35.0,6810.0
2020-04-04 00:00:00+00:00,1498.0,52.0,3978.0
2020-04-05 00:00:00+00:00,946.0,31.0,3816.0
2020-04-06 00:00:00+00:00,1822.0,41.0,11267.0
2020-04-07 00:00:00+00:00,2381.0,58.0,13817.0
2020-04-08 00:00:00+00:00,1667.0,60.0,6499.0
2020-04-09 00:00:00+00:00,5160.0,180.0,12942.0
2020-04-10 00:00:00+00:00,3877.0,168.0,5005.0
2020-04-11 00:00:00+00:00,2492.0,67.0,5966.0
2020-04-12 00:00:00+00:00,1809.0,38.0,5360.0
2020-04-13 00:00:00+00:00,1862.0,47.0,6808.0
2020-04-14 00:00:00+00:00,1529.0,37.0,5485.0
2020-04-15 00:00:00+00:00,1322.0,34.0,5163.0
2020-04-16 00:00:00+00:00,1440.0,44.0,3550.0
2020-04-17 00:00:00+00:00,1353.0,30.0,3224.0
2020-04-18 00:00:00+00:00,1143.0,20.0,2408.0
2020-04-19 00:00:00+00:00,1071.0,27.0,2522.0
2020-04-20 00:00:00+00:00,1049.0,38.0,3183.0
2020-04-21 00:00:00+00:00,778.0,27.0,2101.0
2020-04-22 00:00:00+00:00,776.0,21.0,1821.0
2020-04-23 00:00:00+00:00,1394.0,42.0,2885.0
2020-04-24 00:00:00+00:00,1282.0,28.0,2780.0
2020-04-25 00:00:00+00:00,2854.0,68.0,16227.0
2020-04-26 00:00:00+00:00,2789.0,72.0,13725.0
2020-04-27 00:00:00+00:00,4036.0,91.0,19028.0
2020-04-28 00:00:00+00:00,4584.0,96.0,28997.0
2020-04-29 00:00:00+00:00,3915.0,80.0,13273.0
2020-04-30 00:00:00+00:00,4968.0,112.0,29731.0
2020-05-01 00:00:00+00:00,5296.0,152.0,29569.0
2020-05-02 00:00:00+00:00,3609.0,86.0,15271.0
2020-05-03 00:00:00+00:00,4480.0,114.0,13010.0
2020-05-04 00:00:00+00:00,2202.0,48.0,7612.0
2020-05-05 00:00:00+00:00,1933.0,36.0,6426.0
2020-05-06 00:00:00+00:00,3650.0,82.0,8551.0
2020-05-07 00:00:00+00:00,5132.0,120.0,10390.0
2020-05-08 00:00:00+00:00,2004.0,66.0,6930.0
2020-05-09 00:00:00+00:00,1310.0,38.0,4543.0
2020-05-10 00:00:00+00:00,1199.0,32.0,7042.0
2020-05-11 00:00:00+00:00,1377.0,38.0,5577.0
2020-05-12 00:00:00+00:00,1752.0,41.0,5188.0
2020-05-13 00:00:00+00:00,1122.0,39.0,3321.0
2020-05-14 00:00:00+00:00,1397.0,42.0,4016.0
2020-05-15 00:00:00+00:00,2703.0,63.0,3949.0
2020-05-16 00:00:00+00:00,1256.0,22.0,2602.0
2020-05-17 00:00:00+00:00,14.0,1.0,25.0
2020-05-18 00:00:00+00:00,14.0,1.0,85.0
2020-05-19 00:00:00+00:00,675.0,18.0,2836.0
2020-05-20 00:00:00+00:00,1187.0,38.0,9684.0
2020-05-21 00:00:00+00:00,485.0,24.0,3066.0
2020-05-22 00:00:00+00:00,8.0,,17.0
2020-05-23 00:00:00+00:00,15.0,1.0,29.0
2020-05-24 00:00:00+00:00,29.0,,89.0
2020-05-25 00:00:00+00:00,18.0,,52.0
2020-05-26 00:00:00+00:00,17.0,,36.0
2020-05-27 00:00:00+00:00,20.0,,25.0
2020-05-28 00:00:00+00:00,42.0,3.0,58.0
2020-05-29 00:00:00+00:00,19.0,,30.0
2020-05-30 00:00:00+00:00,18.0,1.0,51.0
2020-05-31 00:00:00+00:00,28.0,,25.0
2020-06-01 00:00:00+00:00,7.0,,8.0
