created_at,not_verified,unknown,verified
2017-10-15 00:00:00+00:00,19489.0,,402.0
2017-10-16 00:00:00+00:00,376083.0,9305.0,9642.0
2017-10-17 00:00:00+00:00,270624.0,29156.0,6783.0
2017-10-18 00:00:00+00:00,146234.0,42.0,4727.0
2017-10-19 00:00:00+00:00,105430.0,1964.0,3014.0
2017-10-20 00:00:00+00:00,58208.0,9727.0,2242.0
2017-10-21 00:00:00+00:00,34194.0,14.0,1166.0
2017-10-22 00:00:00+00:00,34670.0,,1184.0
2017-10-23 00:00:00+00:00,26908.0,51.0,1203.0
2017-10-24 00:00:00+00:00,28126.0,,1390.0
2017-10-25 00:00:00+00:00,35761.0,,1497.0
2017-10-26 00:00:00+00:00,32637.0,,1144.0
2017-10-27 00:00:00+00:00,19039.0,,954.0
2017-10-28 00:00:00+00:00,15840.0,,590.0
2017-10-29 00:00:00+00:00,19797.0,,836.0
2017-10-30 00:00:00+00:00,24824.0,8.0,1176.0
2017-10-31 00:00:00+00:00,21139.0,,637.0
2017-11-01 00:00:00+00:00,17773.0,,714.0
2017-11-02 00:00:00+00:00,15348.0,,885.0
2017-11-03 00:00:00+00:00,12943.0,,711.0
2017-11-04 00:00:00+00:00,10491.0,,442.0
2017-11-05 00:00:00+00:00,12187.0,,351.0
2017-11-06 00:00:00+00:00,10453.0,6.0,639.0
2017-11-07 00:00:00+00:00,9716.0,,467.0
2017-11-08 00:00:00+00:00,12069.0,2.0,563.0
2017-11-09 00:00:00+00:00,16961.0,,823.0
2017-11-10 00:00:00+00:00,26665.0,,1032.0
2017-11-11 00:00:00+00:00,22507.0,,654.0
2017-11-12 00:00:00+00:00,38449.0,,1120.0
2017-11-13 00:00:00+00:00,36045.0,,1366.0
2017-11-14 00:00:00+00:00,31549.0,,1099.0
2017-11-15 00:00:00+00:00,15392.0,,584.0
2017-11-16 00:00:00+00:00,35689.0,,1462.0
2017-11-17 00:00:00+00:00,34034.0,,933.0
2017-11-18 00:00:00+00:00,26592.0,,568.0
2017-11-19 00:00:00+00:00,18729.0,,477.0
2017-11-20 00:00:00+00:00,17645.0,,926.0
2017-11-21 00:00:00+00:00,22377.0,,909.0
2017-11-22 00:00:00+00:00,37725.0,2.0,1143.0
2017-11-23 00:00:00+00:00,27207.0,,736.0
2017-11-24 00:00:00+00:00,22090.0,,843.0
2017-11-25 00:00:00+00:00,33820.0,2.0,866.0
2017-11-26 00:00:00+00:00,18651.0,,525.0
2017-11-27 00:00:00+00:00,18267.0,,746.0
2017-11-28 00:00:00+00:00,18923.0,3.0,693.0
2017-11-29 00:00:00+00:00,28603.0,,1045.0
2017-11-30 00:00:00+00:00,33850.0,,1209.0
2017-12-01 00:00:00+00:00,26202.0,,987.0
2017-12-02 00:00:00+00:00,11407.0,,455.0
2017-12-03 00:00:00+00:00,17128.0,,386.0
2017-12-04 00:00:00+00:00,21992.0,,795.0
2017-12-05 00:00:00+00:00,20462.0,,888.0
2017-12-06 00:00:00+00:00,146170.0,,6099.0
2017-12-07 00:00:00+00:00,129924.0,,2679.0
2017-12-08 00:00:00+00:00,63225.0,,1729.0
2017-12-09 00:00:00+00:00,40867.0,,861.0
2017-12-10 00:00:00+00:00,26231.0,,763.0
2017-12-11 00:00:00+00:00,49151.0,,1428.0
2017-12-12 00:00:00+00:00,64978.0,,1669.0
2017-12-13 00:00:00+00:00,47429.0,,1405.0
2017-12-14 00:00:00+00:00,39729.0,,1339.0
2017-12-15 00:00:00+00:00,25590.0,,986.0
2017-12-16 00:00:00+00:00,31585.0,,751.0
2017-12-17 00:00:00+00:00,51896.0,,741.0
2017-12-18 00:00:00+00:00,41211.0,,914.0
2017-12-19 00:00:00+00:00,37327.0,,1175.0
2017-12-20 00:00:00+00:00,43714.0,,1074.0
2017-12-21 00:00:00+00:00,27662.0,,1047.0
2017-12-22 00:00:00+00:00,28311.0,,797.0
2017-12-23 00:00:00+00:00,23217.0,,548.0
2017-12-24 00:00:00+00:00,27926.0,,444.0
2017-12-25 00:00:00+00:00,24034.0,,209.0
2017-12-26 00:00:00+00:00,14281.0,,403.0
2017-12-27 00:00:00+00:00,14214.0,,459.0
2017-12-28 00:00:00+00:00,15191.0,,692.0
2017-12-29 00:00:00+00:00,12460.0,,595.0
2017-12-30 00:00:00+00:00,11017.0,,422.0
2017-12-31 00:00:00+00:00,12387.0,,436.0
2018-01-01 00:00:00+00:00,46778.0,,1525.0
2018-01-02 00:00:00+00:00,67522.0,,2117.0
2018-01-03 00:00:00+00:00,43021.0,6.0,1231.0
2018-01-04 00:00:00+00:00,25225.0,2.0,1083.0
2018-01-05 00:00:00+00:00,19465.0,,975.0
2018-01-06 00:00:00+00:00,17643.0,1.0,667.0
2018-01-07 00:00:00+00:00,84895.0,19.0,4433.0
2018-01-08 00:00:00+00:00,398346.0,19.0,14958.0
2018-01-09 00:00:00+00:00,177186.0,16365.0,4647.0
2018-01-10 00:00:00+00:00,70168.0,39069.0,2491.0
2018-01-11 00:00:00+00:00,58374.0,9986.0,2548.0
2018-01-12 00:00:00+00:00,40062.0,7.0,1783.0
2018-01-13 00:00:00+00:00,47909.0,,1764.0
2018-01-14 00:00:00+00:00,54434.0,,1958.0
2018-01-15 00:00:00+00:00,42588.0,,2353.0
2018-01-16 00:00:00+00:00,56907.0,,2957.0
2018-01-17 00:00:00+00:00,41075.0,8.0,2193.0
2018-01-18 00:00:00+00:00,40438.0,5.0,2486.0
2018-01-19 00:00:00+00:00,35800.0,,2085.0
2018-01-20 00:00:00+00:00,53824.0,1.0,1966.0
2018-01-21 00:00:00+00:00,64335.0,13959.0,2046.0
2018-01-22 00:00:00+00:00,43198.0,4.0,1777.0
2018-01-23 00:00:00+00:00,42797.0,,2013.0
2018-01-24 00:00:00+00:00,43371.0,,2045.0
2018-01-25 00:00:00+00:00,47124.0,7.0,2299.0
2018-01-26 00:00:00+00:00,37181.0,,1806.0
2018-01-27 00:00:00+00:00,39761.0,,1270.0
2018-01-28 00:00:00+00:00,41660.0,,1486.0
2018-01-29 00:00:00+00:00,107651.0,,4259.0
2018-01-30 00:00:00+00:00,50055.0,,2081.0
2018-01-31 00:00:00+00:00,54940.0,,2229.0
2018-02-01 00:00:00+00:00,32230.0,14.0,1561.0
2018-02-02 00:00:00+00:00,28464.0,5.0,1325.0
2018-02-03 00:00:00+00:00,23858.0,2.0,919.0
2018-02-04 00:00:00+00:00,22321.0,5.0,747.0
2018-02-05 00:00:00+00:00,23507.0,3.0,1197.0
2018-02-06 00:00:00+00:00,28777.0,,1908.0
2018-02-07 00:00:00+00:00,24580.0,13585.0,1510.0
2018-02-08 00:00:00+00:00,28216.0,,1556.0
2018-02-09 00:00:00+00:00,37950.0,6.0,1930.0
2018-02-10 00:00:00+00:00,37881.0,6.0,1330.0
2018-02-11 00:00:00+00:00,41500.0,13.0,1235.0
2018-02-12 00:00:00+00:00,42494.0,4504.0,1686.0
2018-02-13 00:00:00+00:00,33041.0,10.0,1400.0
2018-02-14 00:00:00+00:00,29390.0,,1407.0
2018-02-15 00:00:00+00:00,24548.0,6.0,1431.0
2018-02-16 00:00:00+00:00,21816.0,3.0,1016.0
2018-02-17 00:00:00+00:00,20961.0,7540.0,723.0
2018-02-18 00:00:00+00:00,25298.0,6.0,967.0
2018-02-19 00:00:00+00:00,27727.0,,1276.0
2018-02-20 00:00:00+00:00,25214.0,3.0,1273.0
2018-02-21 00:00:00+00:00,30427.0,9.0,1336.0
2018-02-22 00:00:00+00:00,27028.0,,1413.0
2018-02-23 00:00:00+00:00,23320.0,,1081.0
2018-02-24 00:00:00+00:00,24300.0,34.0,782.0
2018-02-25 00:00:00+00:00,24417.0,,555.0
2018-02-26 00:00:00+00:00,29669.0,11562.0,1314.0
2018-02-27 00:00:00+00:00,28640.0,,1341.0
2018-02-28 00:00:00+00:00,31937.0,,1486.0
2018-03-01 00:00:00+00:00,14590.0,3.0,795.0
2018-03-02 00:00:00+00:00,29068.0,1.0,1795.0
2018-03-03 00:00:00+00:00,22748.0,,1025.0
2018-03-04 00:00:00+00:00,29996.0,,1563.0
2018-03-05 00:00:00+00:00,69689.0,15634.0,3933.0
2018-03-06 00:00:00+00:00,31662.0,,1531.0
2018-03-07 00:00:00+00:00,29669.0,,1758.0
2018-03-08 00:00:00+00:00,73341.0,,3903.0
2018-03-09 00:00:00+00:00,178651.0,,1487.0
2018-03-10 00:00:00+00:00,96236.0,,726.0
2018-03-11 00:00:00+00:00,51047.0,,626.0
2018-03-12 00:00:00+00:00,30543.0,3.0,1009.0
2018-03-13 00:00:00+00:00,25895.0,,1010.0
2018-03-14 00:00:00+00:00,27999.0,,1066.0
2018-03-15 00:00:00+00:00,22566.0,3.0,1224.0
2018-03-16 00:00:00+00:00,24049.0,3.0,1182.0
2018-03-17 00:00:00+00:00,22027.0,,768.0
2018-03-18 00:00:00+00:00,18752.0,9.0,550.0
2018-03-19 00:00:00+00:00,21095.0,,1086.0
2018-03-20 00:00:00+00:00,19898.0,5.0,1288.0
2018-03-21 00:00:00+00:00,16655.0,,1096.0
2018-03-22 00:00:00+00:00,16653.0,,1065.0
2018-03-23 00:00:00+00:00,18417.0,,931.0
2018-03-24 00:00:00+00:00,5260.0,,146.0
2018-03-25 00:00:00+00:00,13833.0,,490.0
2018-03-26 00:00:00+00:00,16880.0,,685.0
2018-03-28 00:00:00+00:00,20790.0,,865.0
2018-03-29 00:00:00+00:00,15461.0,,721.0
2018-03-30 00:00:00+00:00,13542.0,,630.0
2018-03-31 00:00:00+00:00,15709.0,1.0,499.0
2018-04-01 00:00:00+00:00,17097.0,,414.0
2018-04-02 00:00:00+00:00,16964.0,,618.0
2018-04-03 00:00:00+00:00,17631.0,,725.0
2018-04-04 00:00:00+00:00,14527.0,5733.0,558.0
2018-04-05 00:00:00+00:00,12607.0,,606.0
2018-04-06 00:00:00+00:00,19770.0,5.0,802.0
2018-04-07 00:00:00+00:00,92109.0,9.0,1728.0
2018-04-08 00:00:00+00:00,63036.0,5.0,1266.0
2018-04-09 00:00:00+00:00,32620.0,4.0,1300.0
2018-04-10 00:00:00+00:00,22785.0,,987.0
2018-04-11 00:00:00+00:00,19257.0,8806.0,843.0
2018-04-12 00:00:00+00:00,16633.0,,913.0
2018-04-13 00:00:00+00:00,22620.0,4.0,832.0
2018-04-14 00:00:00+00:00,14393.0,3.0,421.0
2018-04-15 00:00:00+00:00,15309.0,,349.0
2018-04-16 00:00:00+00:00,22266.0,,1736.0
2018-04-17 00:00:00+00:00,21815.0,3.0,1164.0
2018-04-18 00:00:00+00:00,25038.0,,988.0
2018-04-19 00:00:00+00:00,35605.0,2471.0,1494.0
2018-04-20 00:00:00+00:00,40800.0,,1218.0
2018-04-21 00:00:00+00:00,34284.0,9.0,767.0
2018-04-22 00:00:00+00:00,24122.0,5.0,516.0
2018-04-23 00:00:00+00:00,22621.0,6.0,883.0
2018-04-24 00:00:00+00:00,25732.0,,1114.0
2018-04-25 00:00:00+00:00,26360.0,5.0,977.0
2018-04-26 00:00:00+00:00,61374.0,,3203.0
2018-04-27 00:00:00+00:00,34800.0,,1555.0
2018-04-28 00:00:00+00:00,26095.0,7.0,946.0
2018-04-29 00:00:00+00:00,20290.0,3.0,576.0
2018-04-30 00:00:00+00:00,49216.0,2.0,2399.0
2018-05-01 00:00:00+00:00,39320.0,5.0,1485.0
2018-05-02 00:00:00+00:00,21352.0,3.0,901.0
2018-05-03 00:00:00+00:00,21236.0,,1045.0
2018-05-04 00:00:00+00:00,17985.0,,1064.0
2018-05-05 00:00:00+00:00,13228.0,,611.0
2018-05-06 00:00:00+00:00,13222.0,,552.0
2018-05-07 00:00:00+00:00,15216.0,,721.0
2018-05-08 00:00:00+00:00,36594.0,,1821.0
2018-05-09 00:00:00+00:00,28252.0,,1380.0
2018-05-10 00:00:00+00:00,23415.0,4.0,1232.0
2018-05-11 00:00:00+00:00,17200.0,,842.0
2018-05-12 00:00:00+00:00,13237.0,,620.0
2018-05-13 00:00:00+00:00,13869.0,,605.0
2018-05-14 00:00:00+00:00,11886.0,,677.0
2018-05-15 00:00:00+00:00,11074.0,1.0,673.0
2018-05-16 00:00:00+00:00,10617.0,,697.0
2018-05-17 00:00:00+00:00,12955.0,,677.0
2018-05-18 00:00:00+00:00,19568.0,2.0,732.0
2018-05-19 00:00:00+00:00,14731.0,,342.0
2018-05-20 00:00:00+00:00,14235.0,2.0,427.0
2018-05-21 00:00:00+00:00,17760.0,,764.0
2018-05-22 00:00:00+00:00,14802.0,,817.0
2018-05-23 00:00:00+00:00,14586.0,,729.0
2018-05-24 00:00:00+00:00,21903.0,,1052.0
2018-05-25 00:00:00+00:00,35363.0,,1770.0
2018-05-26 00:00:00+00:00,17751.0,3.0,551.0
2018-05-27 00:00:00+00:00,12154.0,,365.0
2018-05-28 00:00:00+00:00,12620.0,,431.0
2018-05-29 00:00:00+00:00,15153.0,,624.0
2018-05-30 00:00:00+00:00,22776.0,,741.0
2018-05-31 00:00:00+00:00,23814.0,,958.0
2018-06-01 00:00:00+00:00,16809.0,,805.0
2018-06-02 00:00:00+00:00,10272.0,,351.0
2018-06-03 00:00:00+00:00,8148.0,,297.0
2018-06-04 00:00:00+00:00,28114.0,,1604.0
2018-06-05 00:00:00+00:00,33595.0,1.0,1478.0
2018-06-06 00:00:00+00:00,28229.0,,1192.0
2018-06-07 00:00:00+00:00,17895.0,,762.0
2018-06-08 00:00:00+00:00,18221.0,,864.0
2018-06-09 00:00:00+00:00,14839.0,,508.0
2018-06-10 00:00:00+00:00,10730.0,,370.0
2018-06-11 00:00:00+00:00,14338.0,,634.0
2018-06-12 00:00:00+00:00,21187.0,,1038.0
2018-06-13 00:00:00+00:00,15526.0,,689.0
2018-06-14 00:00:00+00:00,14253.0,,655.0
2018-06-15 00:00:00+00:00,28322.0,2.0,718.0
2018-06-16 00:00:00+00:00,18361.0,,344.0
2018-06-17 00:00:00+00:00,12128.0,,247.0
2018-06-18 00:00:00+00:00,8977.0,,401.0
2018-06-19 00:00:00+00:00,8698.0,,608.0
2018-06-20 00:00:00+00:00,9551.0,,479.0
2018-06-21 00:00:00+00:00,10166.0,,452.0
2018-06-22 00:00:00+00:00,10531.0,,476.0
2018-06-23 00:00:00+00:00,9843.0,,263.0
2018-06-24 00:00:00+00:00,8022.0,,240.0
2018-06-25 00:00:00+00:00,12109.0,,560.0
2018-06-26 00:00:00+00:00,24534.0,,610.0
2018-06-27 00:00:00+00:00,16294.0,,592.0
2018-06-28 00:00:00+00:00,16305.0,,683.0
2018-06-29 00:00:00+00:00,17555.0,,647.0
2018-06-30 00:00:00+00:00,14934.0,,372.0
2018-07-01 00:00:00+00:00,36296.0,12.0,712.0
2018-07-02 00:00:00+00:00,8939.0,6.0,322.0
2018-07-03 00:00:00+00:00,38380.0,,926.0
2018-07-04 00:00:00+00:00,11753.0,,314.0
2018-07-06 00:00:00+00:00,79036.0,,1775.0
2018-07-07 00:00:00+00:00,41065.0,,568.0
2018-07-08 00:00:00+00:00,17539.0,,362.0
2018-07-09 00:00:00+00:00,18795.0,,747.0
2018-07-10 00:00:00+00:00,32988.0,,1246.0
2018-07-11 00:00:00+00:00,23613.0,1.0,836.0
2018-07-12 00:00:00+00:00,39100.0,,1278.0
2018-07-13 00:00:00+00:00,17517.0,,702.0
2018-07-14 00:00:00+00:00,14665.0,,366.0
2018-07-15 00:00:00+00:00,19004.0,,530.0
2018-07-16 00:00:00+00:00,15738.0,,818.0
2018-07-17 00:00:00+00:00,16996.0,,852.0
2018-07-18 00:00:00+00:00,18832.0,2.0,1008.0
2018-07-19 00:00:00+00:00,10136.0,,525.0
2018-07-20 00:00:00+00:00,20518.0,,870.0
2018-07-21 00:00:00+00:00,7392.0,,252.0
2018-07-22 00:00:00+00:00,6240.0,,179.0
2018-07-23 00:00:00+00:00,13083.0,,391.0
2018-07-24 00:00:00+00:00,22798.0,,1148.0
2018-07-25 00:00:00+00:00,9572.0,,540.0
2018-07-27 00:00:00+00:00,27100.0,4.0,1374.0
2018-07-28 00:00:00+00:00,13899.0,,434.0
2018-07-29 00:00:00+00:00,10070.0,,280.0
2018-07-30 00:00:00+00:00,15379.0,,685.0
2018-07-31 00:00:00+00:00,29676.0,,1150.0
2018-08-01 00:00:00+00:00,13111.0,,614.0
2018-08-02 00:00:00+00:00,19493.0,,707.0
2018-08-03 00:00:00+00:00,13765.0,,539.0
2018-08-04 00:00:00+00:00,8667.0,,266.0
2018-08-05 00:00:00+00:00,8444.0,,287.0
2018-08-06 00:00:00+00:00,9209.0,,475.0
2018-08-07 00:00:00+00:00,8623.0,,379.0
2018-08-08 00:00:00+00:00,8103.0,,466.0
2018-08-09 00:00:00+00:00,12600.0,,634.0
2018-08-10 00:00:00+00:00,12457.0,,551.0
2018-08-11 00:00:00+00:00,6344.0,,219.0
2018-08-12 00:00:00+00:00,8228.0,,229.0
2018-08-13 00:00:00+00:00,9418.0,,436.0
2018-08-14 00:00:00+00:00,13130.0,,483.0
2018-08-15 00:00:00+00:00,16845.0,,445.0
2018-08-16 00:00:00+00:00,12484.0,,343.0
2018-08-17 00:00:00+00:00,13187.0,,329.0
2018-08-18 00:00:00+00:00,18811.0,,351.0
2018-08-19 00:00:00+00:00,9805.0,1.0,177.0
2018-08-20 00:00:00+00:00,61998.0,,2315.0
2018-08-21 00:00:00+00:00,36825.0,,1230.0
2018-08-22 00:00:00+00:00,19471.0,,779.0
2018-08-23 00:00:00+00:00,16774.0,1.0,653.0
2018-08-24 00:00:00+00:00,17668.0,,458.0
2018-08-25 00:00:00+00:00,13758.0,2.0,314.0
2018-08-26 00:00:00+00:00,8555.0,,279.0
2018-08-27 00:00:00+00:00,7955.0,,354.0
2018-08-28 00:00:00+00:00,19313.0,2823.0,748.0
2018-08-29 00:00:00+00:00,15479.0,,608.0
2018-08-30 00:00:00+00:00,12251.0,,532.0
2018-08-31 00:00:00+00:00,10375.0,,378.0
2018-09-01 00:00:00+00:00,9738.0,14728.0,259.0
2018-09-02 00:00:00+00:00,8844.0,,246.0
2018-09-03 00:00:00+00:00,9425.0,,364.0
2018-09-04 00:00:00+00:00,9876.0,,431.0
2018-09-05 00:00:00+00:00,9289.0,,517.0
2018-09-06 00:00:00+00:00,9191.0,,494.0
2018-09-07 00:00:00+00:00,11709.0,,563.0
2018-09-08 00:00:00+00:00,16338.0,,323.0
2018-09-09 00:00:00+00:00,43688.0,,615.0
2018-09-10 00:00:00+00:00,30760.0,,1089.0
2018-09-11 00:00:00+00:00,22014.0,,623.0
2018-09-12 00:00:00+00:00,19589.0,,1012.0
2018-09-13 00:00:00+00:00,21543.0,,1034.0
2018-09-14 00:00:00+00:00,18901.0,,912.0
2018-09-15 00:00:00+00:00,15638.0,1.0,481.0
2018-09-16 00:00:00+00:00,43112.0,,723.0
2018-09-17 00:00:00+00:00,103670.0,,2215.0
2018-09-18 00:00:00+00:00,41395.0,,1222.0
2018-09-19 00:00:00+00:00,86368.0,7870.0,1497.0
2018-09-20 00:00:00+00:00,92237.0,,1556.0
2018-09-21 00:00:00+00:00,238568.0,,5009.0
2018-09-22 00:00:00+00:00,117697.0,2.0,1437.0
2018-09-23 00:00:00+00:00,141693.0,21661.0,1889.0
2018-09-24 00:00:00+00:00,272858.0,5.0,6639.0
2018-09-25 00:00:00+00:00,113097.0,2.0,2004.0
2018-09-26 00:00:00+00:00,146726.0,4.0,3424.0
2018-09-27 00:00:00+00:00,254359.0,4304.0,7309.0
2018-09-28 00:00:00+00:00,186634.0,4.0,4305.0
2018-09-29 00:00:00+00:00,120264.0,3.0,1852.0
2018-09-30 00:00:00+00:00,76732.0,,1376.0
2018-10-01 00:00:00+00:00,69928.0,,1942.0
2018-10-02 00:00:00+00:00,72551.0,,1710.0
2018-10-03 00:00:00+00:00,87678.0,,2389.0
2018-10-04 00:00:00+00:00,131431.0,,3306.0
2018-10-05 00:00:00+00:00,165034.0,1.0,5871.0
2018-10-06 00:00:00+00:00,128817.0,1.0,3489.0
2018-10-07 00:00:00+00:00,88222.0,,2844.0
2018-10-08 00:00:00+00:00,98523.0,1.0,4339.0
2018-10-09 00:00:00+00:00,220734.0,,7303.0
2018-10-10 00:00:00+00:00,156069.0,,6312.0
2018-10-11 00:00:00+00:00,143276.0,,5354.0
2018-10-12 00:00:00+00:00,149493.0,,5731.0
2018-10-13 00:00:00+00:00,114440.0,,3801.0
2018-10-14 00:00:00+00:00,141324.0,4.0,4625.0
2018-10-15 00:00:00+00:00,120247.0,9362.0,5543.0
2018-10-16 00:00:00+00:00,92486.0,,4140.0
2018-10-17 00:00:00+00:00,88294.0,,4889.0
2018-10-18 00:00:00+00:00,65667.0,,3451.0
2018-10-19 00:00:00+00:00,45590.0,,2410.0
2018-10-20 00:00:00+00:00,44861.0,,1978.0
2018-10-21 00:00:00+00:00,42611.0,,1572.0
2018-10-22 00:00:00+00:00,36568.0,15721.0,2165.0
2018-10-23 00:00:00+00:00,35137.0,,2109.0
2018-10-24 00:00:00+00:00,35826.0,,1944.0
2018-10-25 00:00:00+00:00,32427.0,11159.0,2302.0
2018-10-26 00:00:00+00:00,30758.0,13295.0,1589.0
2018-10-27 00:00:00+00:00,41074.0,,1326.0
2018-10-28 00:00:00+00:00,21859.0,1.0,812.0
2018-10-29 00:00:00+00:00,24872.0,,1340.0
2018-10-30 00:00:00+00:00,21561.0,,1094.0
2018-10-31 00:00:00+00:00,16617.0,,1162.0
2018-11-01 00:00:00+00:00,36352.0,,2810.0
2018-11-02 00:00:00+00:00,27171.0,4649.0,1604.0
2018-11-03 00:00:00+00:00,32532.0,10549.0,718.0
2018-11-04 00:00:00+00:00,17309.0,1.0,599.0
2018-11-05 00:00:00+00:00,20031.0,2.0,854.0
2018-11-06 00:00:00+00:00,14312.0,2.0,740.0
2018-11-07 00:00:00+00:00,17946.0,,537.0
2018-11-08 00:00:00+00:00,19434.0,1.0,758.0
2018-11-09 00:00:00+00:00,13900.0,1.0,696.0
2018-11-10 00:00:00+00:00,10629.0,,527.0
2018-11-11 00:00:00+00:00,9090.0,,368.0
2018-11-12 00:00:00+00:00,14598.0,,963.0
2018-11-13 00:00:00+00:00,15285.0,2.0,952.0
2018-11-14 00:00:00+00:00,11999.0,,740.0
2018-11-15 00:00:00+00:00,19059.0,,763.0
2018-11-16 00:00:00+00:00,16892.0,,741.0
2018-11-17 00:00:00+00:00,11149.0,2.0,528.0
2018-11-18 00:00:00+00:00,12655.0,,455.0
2018-11-19 00:00:00+00:00,13799.0,,758.0
2018-11-20 00:00:00+00:00,11357.0,,586.0
2018-11-21 00:00:00+00:00,12806.0,,676.0
2018-11-22 00:00:00+00:00,9136.0,,524.0
2018-11-23 00:00:00+00:00,9838.0,,504.0
2018-11-24 00:00:00+00:00,10854.0,,412.0
2018-11-25 00:00:00+00:00,11986.0,,429.0
2018-11-26 00:00:00+00:00,17190.0,,706.0
2018-11-27 00:00:00+00:00,16610.0,,640.0
2018-11-28 00:00:00+00:00,18903.0,1.0,786.0
2018-11-29 00:00:00+00:00,20332.0,,722.0
2018-11-30 00:00:00+00:00,13065.0,,739.0
2018-12-01 00:00:00+00:00,17072.0,,612.0
2018-12-02 00:00:00+00:00,12334.0,,443.0
2018-12-03 00:00:00+00:00,23164.0,1.0,908.0
2018-12-04 00:00:00+00:00,21632.0,3.0,783.0
2018-12-05 00:00:00+00:00,19256.0,7947.0,869.0
2018-12-06 00:00:00+00:00,18745.0,,969.0
2018-12-07 00:00:00+00:00,16120.0,,730.0
2018-12-08 00:00:00+00:00,12267.0,1.0,384.0
2018-12-09 00:00:00+00:00,9634.0,1.0,368.0
2018-12-10 00:00:00+00:00,11973.0,2.0,593.0
2018-12-11 00:00:00+00:00,32355.0,5614.0,700.0
2018-12-12 00:00:00+00:00,36819.0,1.0,740.0
2018-12-13 00:00:00+00:00,19262.0,,712.0
2018-12-14 00:00:00+00:00,28676.0,3.0,618.0
2018-12-15 00:00:00+00:00,9347.0,,273.0
2018-12-16 00:00:00+00:00,9825.0,,314.0
2018-12-17 00:00:00+00:00,20005.0,12368.0,787.0
2018-12-18 00:00:00+00:00,20348.0,1.0,624.0
2018-12-19 00:00:00+00:00,9535.0,,515.0
2018-12-20 00:00:00+00:00,8952.0,,539.0
2018-12-21 00:00:00+00:00,7251.0,,391.0
2018-12-22 00:00:00+00:00,11976.0,1.0,400.0
2018-12-23 00:00:00+00:00,10995.0,,296.0
2018-12-24 00:00:00+00:00,8927.0,1.0,325.0
2018-12-25 00:00:00+00:00,6291.0,,193.0
2018-12-26 00:00:00+00:00,16451.0,1.0,291.0
2018-12-27 00:00:00+00:00,9921.0,,309.0
2018-12-28 00:00:00+00:00,8820.0,,298.0
2018-12-29 00:00:00+00:00,6503.0,,311.0
2018-12-30 00:00:00+00:00,7729.0,,290.0
2018-12-31 00:00:00+00:00,9193.0,,508.0
2019-01-01 00:00:00+00:00,6668.0,,228.0
2019-01-02 00:00:00+00:00,6067.0,1.0,333.0
2019-01-03 00:00:00+00:00,8123.0,,411.0
2019-01-04 00:00:00+00:00,18081.0,1.0,878.0
2019-01-05 00:00:00+00:00,11748.0,,492.0
2019-01-06 00:00:00+00:00,32755.0,,776.0
2019-01-07 00:00:00+00:00,24152.0,,917.0
2019-01-08 00:00:00+00:00,12937.0,,413.0
2019-01-09 00:00:00+00:00,13335.0,,616.0
2019-01-10 00:00:00+00:00,18339.0,,948.0
2019-01-11 00:00:00+00:00,12707.0,,534.0
2019-01-12 00:00:00+00:00,9878.0,,326.0
2019-01-13 00:00:00+00:00,10489.0,,352.0
2019-01-14 00:00:00+00:00,11329.0,,580.0
2019-01-15 00:00:00+00:00,16387.0,,1023.0
2019-01-16 00:00:00+00:00,15423.0,,834.0
2019-01-17 00:00:00+00:00,13536.0,,704.0
2019-01-18 00:00:00+00:00,12223.0,,592.0
2019-01-19 00:00:00+00:00,11572.0,1.0,431.0
2019-01-20 00:00:00+00:00,7825.0,,232.0
2019-01-21 00:00:00+00:00,9848.0,,404.0
2019-01-22 00:00:00+00:00,12079.0,1.0,471.0
2019-01-23 00:00:00+00:00,13132.0,,560.0
2019-01-24 00:00:00+00:00,9080.0,,453.0
2019-01-25 00:00:00+00:00,6964.0,,383.0
2019-01-26 00:00:00+00:00,7264.0,,259.0
2019-01-27 00:00:00+00:00,7926.0,,254.0
2019-01-28 00:00:00+00:00,11714.0,,561.0
2019-01-29 00:00:00+00:00,15007.0,,610.0
2019-01-30 00:00:00+00:00,12140.0,,440.0
2019-01-31 00:00:00+00:00,11914.0,,477.0
2019-02-01 00:00:00+00:00,9691.0,,462.0
2019-02-02 00:00:00+00:00,7340.0,,279.0
2019-02-03 00:00:00+00:00,7652.0,,265.0
2019-02-04 00:00:00+00:00,11172.0,,409.0
2019-02-05 00:00:00+00:00,9316.0,,378.0
2019-02-06 00:00:00+00:00,7110.0,,394.0
2019-02-10 00:00:00+00:00,2637.0,,73.0
2019-02-11 00:00:00+00:00,10722.0,,441.0
2019-02-12 00:00:00+00:00,9421.0,,538.0
2019-02-13 00:00:00+00:00,8312.0,,547.0
2019-02-14 00:00:00+00:00,8985.0,,421.0
2019-02-15 00:00:00+00:00,7139.0,,324.0
2019-02-16 00:00:00+00:00,5668.0,,201.0
2019-02-17 00:00:00+00:00,5667.0,,207.0
2019-02-18 00:00:00+00:00,7914.0,,260.0
2019-02-19 00:00:00+00:00,8922.0,1.0,650.0
2019-02-20 00:00:00+00:00,12723.0,2031.0,598.0
2019-02-21 00:00:00+00:00,8218.0,2.0,413.0
2019-02-22 00:00:00+00:00,12305.0,,603.0
2019-02-23 00:00:00+00:00,10405.0,,316.0
2019-02-24 00:00:00+00:00,6891.0,,244.0
2019-02-25 00:00:00+00:00,9593.0,,470.0
2019-02-26 00:00:00+00:00,9416.0,,421.0
2019-02-27 00:00:00+00:00,9782.0,,353.0
2019-02-28 00:00:00+00:00,9650.0,,472.0
2019-03-01 00:00:00+00:00,10854.0,1.0,717.0
2019-03-02 00:00:00+00:00,9219.0,1.0,413.0
2019-03-03 00:00:00+00:00,10065.0,,410.0
2019-03-04 00:00:00+00:00,9874.0,,504.0
2019-03-05 00:00:00+00:00,11830.0,,514.0
2019-03-06 00:00:00+00:00,10994.0,,580.0
2019-03-07 00:00:00+00:00,9142.0,,514.0
2019-03-08 00:00:00+00:00,11791.0,,897.0
2019-03-09 00:00:00+00:00,7239.0,,309.0
2019-03-10 00:00:00+00:00,5211.0,,177.0
2019-03-11 00:00:00+00:00,9241.0,,315.0
2019-03-12 00:00:00+00:00,10441.0,,280.0
2019-03-13 00:00:00+00:00,12254.0,1.0,259.0
2019-03-14 00:00:00+00:00,7944.0,,326.0
2019-03-15 00:00:00+00:00,5662.0,,252.0
2019-03-16 00:00:00+00:00,5096.0,,154.0
2019-03-17 00:00:00+00:00,4925.0,,141.0
2019-03-18 00:00:00+00:00,6203.0,25382.0,371.0
2019-03-19 00:00:00+00:00,6164.0,,283.0
2019-03-20 00:00:00+00:00,5798.0,5667.0,251.0
2019-03-21 00:00:00+00:00,7218.0,,274.0
2019-03-22 00:00:00+00:00,7275.0,,253.0
2019-03-23 00:00:00+00:00,5307.0,,182.0
2019-03-24 00:00:00+00:00,5327.0,,151.0
2019-03-25 00:00:00+00:00,8366.0,,367.0
2019-03-26 00:00:00+00:00,9115.0,,382.0
2019-03-27 00:00:00+00:00,11310.0,,387.0
2019-03-28 00:00:00+00:00,11011.0,,411.0
2019-03-29 00:00:00+00:00,9660.0,,415.0
2019-03-30 00:00:00+00:00,8675.0,1.0,243.0
2019-03-31 00:00:00+00:00,7704.0,,205.0
2019-04-01 00:00:00+00:00,25623.0,1.0,743.0
2019-04-02 00:00:00+00:00,32355.0,1.0,948.0
2019-04-03 00:00:00+00:00,20293.0,,840.0
2019-04-04 00:00:00+00:00,14044.0,1.0,641.0
2019-04-05 00:00:00+00:00,13984.0,1.0,603.0
2019-04-06 00:00:00+00:00,8624.0,1.0,389.0
2019-04-07 00:00:00+00:00,6647.0,,329.0
2019-04-08 00:00:00+00:00,6959.0,,454.0
2019-04-09 00:00:00+00:00,6716.0,1.0,483.0
2019-04-10 00:00:00+00:00,6149.0,,406.0
2019-04-11 00:00:00+00:00,13021.0,,407.0
2019-04-12 00:00:00+00:00,11337.0,,346.0
2019-04-13 00:00:00+00:00,8351.0,,220.0
2019-04-14 00:00:00+00:00,4730.0,,196.0
2019-04-15 00:00:00+00:00,4706.0,,237.0
2019-04-16 00:00:00+00:00,5391.0,,300.0
2019-04-17 00:00:00+00:00,5851.0,,306.0
2019-04-18 00:00:00+00:00,5696.0,,267.0
2019-04-19 00:00:00+00:00,8640.0,1.0,269.0
2019-04-20 00:00:00+00:00,10339.0,,357.0
2019-04-21 00:00:00+00:00,4832.0,,121.0
2019-04-22 00:00:00+00:00,4698.0,,168.0
2019-04-23 00:00:00+00:00,4687.0,,233.0
2019-04-24 00:00:00+00:00,5690.0,,273.0
2019-04-25 00:00:00+00:00,5122.0,,306.0
2019-04-26 00:00:00+00:00,5659.0,,240.0
2019-04-27 00:00:00+00:00,4538.0,,156.0
2019-04-28 00:00:00+00:00,3707.0,1.0,103.0
2019-04-29 00:00:00+00:00,4931.0,,225.0
2019-04-30 00:00:00+00:00,5179.0,,277.0
2019-05-01 00:00:00+00:00,5023.0,,316.0
2019-05-02 00:00:00+00:00,4116.0,,195.0
2019-05-03 00:00:00+00:00,4741.0,,242.0
2019-05-04 00:00:00+00:00,4470.0,,390.0
2019-05-05 00:00:00+00:00,3387.0,,162.0
2019-05-06 00:00:00+00:00,3521.0,,218.0
2019-05-07 00:00:00+00:00,4381.0,,228.0
2019-05-08 00:00:00+00:00,4352.0,,256.0
2019-05-09 00:00:00+00:00,4586.0,,373.0
2019-05-10 00:00:00+00:00,4615.0,,272.0
2019-05-11 00:00:00+00:00,5761.0,,150.0
2019-05-12 00:00:00+00:00,4408.0,,154.0
2019-05-13 00:00:00+00:00,4966.0,,241.0
2019-05-14 00:00:00+00:00,5153.0,,265.0
2019-05-15 00:00:00+00:00,5300.0,,244.0
2019-05-16 00:00:00+00:00,6427.0,,249.0
2019-05-17 00:00:00+00:00,5236.0,,319.0
2019-05-18 00:00:00+00:00,3886.0,,182.0
2019-05-19 00:00:00+00:00,4509.0,,122.0
2019-05-20 00:00:00+00:00,3943.0,,397.0
2019-05-21 00:00:00+00:00,6206.0,,463.0
2019-05-22 00:00:00+00:00,6671.0,,345.0
2019-05-23 00:00:00+00:00,8848.0,,407.0
2019-05-24 00:00:00+00:00,5067.0,,342.0
2019-05-25 00:00:00+00:00,3619.0,,186.0
2019-05-26 00:00:00+00:00,4461.0,,126.0
2019-05-27 00:00:00+00:00,3383.0,,122.0
2019-05-28 00:00:00+00:00,3620.0,,203.0
2019-05-29 00:00:00+00:00,4058.0,,260.0
2019-05-30 00:00:00+00:00,4228.0,,292.0
2019-05-31 00:00:00+00:00,4131.0,,291.0
2019-06-01 00:00:00+00:00,2918.0,,199.0
2019-06-02 00:00:00+00:00,2561.0,,114.0
2019-06-03 00:00:00+00:00,3430.0,,209.0
2019-06-04 00:00:00+00:00,5205.0,,292.0
2019-06-05 00:00:00+00:00,5658.0,,329.0
2019-06-06 00:00:00+00:00,6903.0,,332.0
2019-06-07 00:00:00+00:00,5471.0,1.0,246.0
2019-06-08 00:00:00+00:00,3935.0,,149.0
2019-06-09 00:00:00+00:00,4741.0,,101.0
2019-06-10 00:00:00+00:00,4699.0,,229.0
2019-06-11 00:00:00+00:00,5441.0,1.0,322.0
2019-06-12 00:00:00+00:00,7214.0,1.0,358.0
2019-06-13 00:00:00+00:00,6644.0,,492.0
2019-06-14 00:00:00+00:00,5206.0,,276.0
2019-06-15 00:00:00+00:00,3739.0,,179.0
2019-06-16 00:00:00+00:00,2759.0,,87.0
2019-06-17 00:00:00+00:00,3270.0,,175.0
2019-06-18 00:00:00+00:00,3655.0,,233.0
2019-06-19 00:00:00+00:00,4207.0,,305.0
2019-06-20 00:00:00+00:00,4793.0,,242.0
2019-06-21 00:00:00+00:00,6445.0,,405.0
2019-06-22 00:00:00+00:00,7728.0,,244.0
2019-06-23 00:00:00+00:00,4248.0,1.0,127.0
2019-06-24 00:00:00+00:00,5746.0,,197.0
2019-06-25 00:00:00+00:00,7716.0,,284.0
2019-06-26 00:00:00+00:00,4673.0,,243.0
2019-06-27 00:00:00+00:00,4373.0,,219.0
2019-06-28 00:00:00+00:00,8534.0,,259.0
2019-06-29 00:00:00+00:00,8046.0,,157.0
2019-06-30 00:00:00+00:00,22848.0,,373.0
2019-07-01 00:00:00+00:00,4849.0,,219.0
2019-07-02 00:00:00+00:00,4169.0,,224.0
2019-07-03 00:00:00+00:00,4617.0,,266.0
2019-07-04 00:00:00+00:00,4368.0,,244.0
2019-07-05 00:00:00+00:00,8029.0,,201.0
2019-07-06 00:00:00+00:00,5665.0,,228.0
2019-07-07 00:00:00+00:00,10339.0,,197.0
2019-07-08 00:00:00+00:00,17047.0,3.0,332.0
2019-07-09 00:00:00+00:00,9136.0,1.0,288.0
2019-07-10 00:00:00+00:00,9376.0,2.0,291.0
2019-07-11 00:00:00+00:00,7713.0,,344.0
2019-07-12 00:00:00+00:00,6424.0,,246.0
2019-07-13 00:00:00+00:00,4467.0,,198.0
2019-07-14 00:00:00+00:00,3390.0,,111.0
2019-07-15 00:00:00+00:00,3774.0,,217.0
2019-07-16 00:00:00+00:00,4905.0,,217.0
2019-07-17 00:00:00+00:00,6312.0,1.0,270.0
2019-07-18 00:00:00+00:00,5478.0,,230.0
2019-07-19 00:00:00+00:00,5259.0,,241.0
2019-07-20 00:00:00+00:00,6375.0,,162.0
2019-07-21 00:00:00+00:00,5596.0,,170.0
2019-07-22 00:00:00+00:00,5675.0,,319.0
2019-07-23 00:00:00+00:00,6280.0,,372.0
2019-07-24 00:00:00+00:00,8586.0,,241.0
2019-07-25 00:00:00+00:00,7569.0,,258.0
2019-07-26 00:00:00+00:00,4180.0,,193.0
2019-07-27 00:00:00+00:00,3027.0,,85.0
2019-07-28 00:00:00+00:00,2346.0,,58.0
2019-07-29 00:00:00+00:00,3365.0,,187.0
2019-07-30 00:00:00+00:00,4446.0,,199.0
2019-07-31 00:00:00+00:00,4428.0,,210.0
2019-08-01 00:00:00+00:00,4377.0,,234.0
2019-08-02 00:00:00+00:00,4388.0,,218.0
2019-08-03 00:00:00+00:00,3686.0,,162.0
2019-08-04 00:00:00+00:00,3191.0,,79.0
2019-08-05 00:00:00+00:00,3018.0,,144.0
2019-08-06 00:00:00+00:00,4296.0,,197.0
2019-08-07 00:00:00+00:00,5072.0,,190.0
2019-08-08 00:00:00+00:00,8458.0,,228.0
2019-08-09 00:00:00+00:00,4560.0,,147.0
2019-08-10 00:00:00+00:00,4600.0,,106.0
2019-08-11 00:00:00+00:00,4903.0,,133.0
2019-08-12 00:00:00+00:00,4098.0,,238.0
2019-08-13 00:00:00+00:00,6221.0,,311.0
2019-08-14 00:00:00+00:00,7678.0,,250.0
2019-08-15 00:00:00+00:00,5488.0,,166.0
2019-08-16 00:00:00+00:00,4301.0,,183.0
2019-08-17 00:00:00+00:00,3886.0,,88.0
2019-08-18 00:00:00+00:00,3648.0,,147.0
2019-08-19 00:00:00+00:00,3954.0,,217.0
2019-08-20 00:00:00+00:00,4370.0,,186.0
2019-08-21 00:00:00+00:00,4232.0,,187.0
2019-08-22 00:00:00+00:00,7017.0,,221.0
2019-08-23 00:00:00+00:00,8839.0,,298.0
2019-08-24 00:00:00+00:00,5812.0,,114.0
2019-08-25 00:00:00+00:00,3552.0,,84.0
2019-08-26 00:00:00+00:00,5473.0,,196.0
2019-08-27 00:00:00+00:00,8386.0,,231.0
2019-08-28 00:00:00+00:00,12215.0,,386.0
2019-08-29 00:00:00+00:00,9701.0,,256.0
2019-08-30 00:00:00+00:00,7224.0,,210.0
2019-08-31 00:00:00+00:00,8100.0,,156.0
2019-09-01 00:00:00+00:00,10997.0,,108.0
2019-09-02 00:00:00+00:00,6089.0,,149.0
2019-09-03 00:00:00+00:00,6076.0,,185.0
2019-09-04 00:00:00+00:00,7340.0,,249.0
2019-09-05 00:00:00+00:00,7083.0,,255.0
2019-09-06 00:00:00+00:00,8089.0,,289.0
2019-09-07 00:00:00+00:00,7566.0,,287.0
2019-09-08 00:00:00+00:00,6223.0,,181.0
2019-09-09 00:00:00+00:00,6964.0,,302.0
2019-09-10 00:00:00+00:00,5841.0,,321.0
2019-09-11 00:00:00+00:00,5413.0,,269.0
2019-09-12 00:00:00+00:00,5887.0,,242.0
2019-09-13 00:00:00+00:00,5099.0,,210.0
2019-09-14 00:00:00+00:00,3654.0,,127.0
2019-09-15 00:00:00+00:00,7196.0,,145.0
2019-09-16 00:00:00+00:00,8750.0,,244.0
2019-09-17 00:00:00+00:00,8033.0,,341.0
2019-09-18 00:00:00+00:00,7044.0,,396.0
2019-09-19 00:00:00+00:00,6042.0,,276.0
2019-09-20 00:00:00+00:00,4370.0,,218.0
2019-09-21 00:00:00+00:00,3908.0,,164.0
2019-09-22 00:00:00+00:00,3495.0,,104.0
2019-09-23 00:00:00+00:00,5036.0,,283.0
2019-09-24 00:00:00+00:00,6183.0,,200.0
2019-09-25 00:00:00+00:00,7679.0,,356.0
2019-09-26 00:00:00+00:00,6945.0,,333.0
2019-09-27 00:00:00+00:00,8157.0,,286.0
2019-09-28 00:00:00+00:00,5391.0,,145.0
2019-09-29 00:00:00+00:00,4351.0,,149.0
2019-09-30 00:00:00+00:00,6879.0,,395.0
2019-10-01 00:00:00+00:00,7542.0,,329.0
2019-10-02 00:00:00+00:00,6571.0,,310.0
2019-10-03 00:00:00+00:00,5532.0,,282.0
2019-10-04 00:00:00+00:00,5543.0,,375.0
2019-10-05 00:00:00+00:00,5532.0,,245.0
2019-10-06 00:00:00+00:00,6396.0,,275.0
2019-10-07 00:00:00+00:00,6379.0,,399.0
2019-10-08 00:00:00+00:00,5304.0,,320.0
2019-10-09 00:00:00+00:00,11472.0,,315.0
2019-10-10 00:00:00+00:00,9853.0,,367.0
2019-10-11 00:00:00+00:00,10081.0,,386.0
2019-10-12 00:00:00+00:00,8200.0,,257.0
2019-10-13 00:00:00+00:00,5788.0,2.0,174.0
2019-10-14 00:00:00+00:00,4589.0,,301.0
2019-10-15 00:00:00+00:00,10134.0,,778.0
2019-10-16 00:00:00+00:00,7158.0,,410.0
2019-10-17 00:00:00+00:00,4869.0,,381.0
2019-10-18 00:00:00+00:00,5937.0,,357.0
2019-10-19 00:00:00+00:00,10786.0,1.0,252.0
2019-10-20 00:00:00+00:00,6879.0,,187.0
2019-10-21 00:00:00+00:00,6029.0,,327.0
2019-10-22 00:00:00+00:00,7326.0,,342.0
2019-10-23 00:00:00+00:00,6277.0,2.0,290.0
2019-10-24 00:00:00+00:00,7498.0,,387.0
2019-10-25 00:00:00+00:00,7706.0,,429.0
2019-10-26 00:00:00+00:00,5540.0,,194.0
2019-10-27 00:00:00+00:00,6412.0,,122.0
2019-10-28 00:00:00+00:00,7193.0,,244.0
2019-10-29 00:00:00+00:00,6730.0,,310.0
2019-10-30 00:00:00+00:00,6036.0,,289.0
2019-10-31 00:00:00+00:00,5755.0,,213.0
2019-11-01 00:00:00+00:00,6735.0,5.0,268.0
2019-11-02 00:00:00+00:00,17935.0,1.0,186.0
2019-11-03 00:00:00+00:00,6792.0,9573.0,205.0
2019-11-04 00:00:00+00:00,9773.0,,464.0
2019-11-05 00:00:00+00:00,10080.0,,463.0
2019-11-06 00:00:00+00:00,7690.0,,371.0
2019-11-07 00:00:00+00:00,6811.0,,379.0
2019-11-08 00:00:00+00:00,8456.0,,325.0
2019-11-09 00:00:00+00:00,6024.0,,211.0
2019-11-10 00:00:00+00:00,6089.0,,212.0
2019-11-11 00:00:00+00:00,7668.0,,189.0
2019-11-12 00:00:00+00:00,9823.0,,341.0
2019-11-13 00:00:00+00:00,5736.0,,246.0
2019-11-14 00:00:00+00:00,5961.0,,302.0
2019-11-15 00:00:00+00:00,17132.0,,362.0
2019-11-16 00:00:00+00:00,5843.0,,137.0
2019-11-17 00:00:00+00:00,4593.0,,105.0
2019-11-18 00:00:00+00:00,6293.0,,226.0
2019-11-19 00:00:00+00:00,5928.0,,292.0
2019-11-20 00:00:00+00:00,3521.0,,203.0
2019-11-21 00:00:00+00:00,50.0,,10.0
2019-11-23 00:00:00+00:00,3519.0,,114.0
2019-11-24 00:00:00+00:00,4414.0,,116.0
2019-11-25 00:00:00+00:00,6944.0,,277.0
2019-11-26 00:00:00+00:00,5315.0,,203.0
2019-11-27 00:00:00+00:00,5938.0,,228.0
2019-11-28 00:00:00+00:00,4796.0,,186.0
2019-11-29 00:00:00+00:00,4221.0,,198.0
2019-11-30 00:00:00+00:00,4342.0,,145.0
2019-12-01 00:00:00+00:00,3542.0,,128.0
2019-12-02 00:00:00+00:00,6068.0,,238.0
2019-12-03 00:00:00+00:00,5291.0,,244.0
2019-12-04 00:00:00+00:00,3788.0,,228.0
2019-12-05 00:00:00+00:00,4345.0,,217.0
2019-12-06 00:00:00+00:00,4100.0,,225.0
2019-12-07 00:00:00+00:00,3260.0,,105.0
2019-12-08 00:00:00+00:00,3935.0,,121.0
2019-12-09 00:00:00+00:00,4963.0,1.0,241.0
2019-12-10 00:00:00+00:00,5451.0,,355.0
2019-12-11 00:00:00+00:00,7203.0,,286.0
2019-12-12 00:00:00+00:00,6649.0,,253.0
2019-12-13 00:00:00+00:00,4309.0,,226.0
2019-12-14 00:00:00+00:00,3891.0,,160.0
2019-12-15 00:00:00+00:00,4204.0,,130.0
2019-12-16 00:00:00+00:00,10661.0,,189.0
2019-12-17 00:00:00+00:00,14146.0,,201.0
2019-12-18 00:00:00+00:00,34294.0,,655.0
2019-12-19 00:00:00+00:00,15428.0,,351.0
2019-12-20 00:00:00+00:00,7756.0,,222.0
2019-12-21 00:00:00+00:00,6617.0,,95.0
2019-12-22 00:00:00+00:00,4275.0,,111.0
2019-12-23 00:00:00+00:00,4066.0,,219.0
2019-12-24 00:00:00+00:00,5672.0,,154.0
2019-12-25 00:00:00+00:00,3347.0,,53.0
2019-12-26 00:00:00+00:00,5918.0,,176.0
2019-12-27 00:00:00+00:00,5506.0,,154.0
2019-12-28 00:00:00+00:00,3330.0,,85.0
2019-12-29 00:00:00+00:00,2721.0,,148.0
2019-12-30 00:00:00+00:00,4980.0,,180.0
2019-12-31 00:00:00+00:00,3998.0,,204.0
2020-01-01 00:00:00+00:00,2631.0,,110.0
2020-01-02 00:00:00+00:00,3751.0,,177.0
2020-01-03 00:00:00+00:00,4555.0,,221.0
2020-01-04 00:00:00+00:00,8849.0,,176.0
2020-01-05 00:00:00+00:00,6011.0,,291.0
2020-01-06 00:00:00+00:00,9187.0,,770.0
2020-01-07 00:00:00+00:00,7967.0,,414.0
2020-01-08 00:00:00+00:00,6146.0,,303.0
2020-01-09 00:00:00+00:00,4185.0,,239.0
2020-01-10 00:00:00+00:00,5665.0,,250.0
2020-01-11 00:00:00+00:00,5664.0,,152.0
2020-01-12 00:00:00+00:00,3718.0,,134.0
2020-01-13 00:00:00+00:00,3971.0,,189.0
2020-01-14 00:00:00+00:00,5186.0,,223.0
2020-01-15 00:00:00+00:00,7613.0,,283.0
2020-01-16 00:00:00+00:00,7756.0,,244.0
2020-01-17 00:00:00+00:00,7089.0,,299.0
2020-01-18 00:00:00+00:00,6485.0,,198.0
2020-01-19 00:00:00+00:00,4669.0,,136.0
2020-01-20 00:00:00+00:00,4112.0,,174.0
2020-01-21 00:00:00+00:00,3848.0,1.0,211.0
2020-01-22 00:00:00+00:00,5199.0,,385.0
2020-01-23 00:00:00+00:00,9292.0,,296.0
2020-01-24 00:00:00+00:00,11284.0,,268.0
2020-01-25 00:00:00+00:00,6060.0,,161.0
2020-01-26 00:00:00+00:00,4467.0,,161.0
2020-01-27 00:00:00+00:00,5499.0,,207.0
2020-01-28 00:00:00+00:00,20557.0,4149.0,214.0
2020-01-29 00:00:00+00:00,11609.0,,243.0
2020-01-30 00:00:00+00:00,7444.0,,215.0
2020-01-31 00:00:00+00:00,6772.0,65037.0,225.0
2020-02-01 00:00:00+00:00,24852.0,,169.0
2020-02-02 00:00:00+00:00,46025.0,1.0,181.0
2020-02-03 00:00:00+00:00,21744.0,8.0,183.0
2020-02-04 00:00:00+00:00,8060.0,1.0,215.0
2020-02-05 00:00:00+00:00,5448.0,,212.0
2020-02-06 00:00:00+00:00,6631.0,,230.0
2020-02-07 00:00:00+00:00,6762.0,,186.0
2020-02-08 00:00:00+00:00,5570.0,,150.0
2020-02-09 00:00:00+00:00,4734.0,,91.0
2020-02-10 00:00:00+00:00,8002.0,,155.0
2020-02-11 00:00:00+00:00,7570.0,,225.0
2020-02-12 00:00:00+00:00,4483.0,,168.0
2020-02-13 00:00:00+00:00,4606.0,,184.0
2020-02-14 00:00:00+00:00,5086.0,,165.0
2020-02-15 00:00:00+00:00,5093.0,,156.0
2020-02-16 00:00:00+00:00,4379.0,,116.0
2020-02-17 00:00:00+00:00,4732.0,,153.0
2020-02-18 00:00:00+00:00,6151.0,,284.0
2020-02-19 00:00:00+00:00,4799.0,,201.0
2020-02-20 00:00:00+00:00,6575.0,,322.0
2020-02-21 00:00:00+00:00,4640.0,,239.0
2020-02-22 00:00:00+00:00,7378.0,,165.0
2020-02-23 00:00:00+00:00,4499.0,,102.0
2020-02-24 00:00:00+00:00,30499.0,,2643.0
2020-02-25 00:00:00+00:00,22200.0,,1230.0
2020-02-26 00:00:00+00:00,11355.0,,459.0
2020-02-27 00:00:00+00:00,7770.0,,297.0
2020-02-28 00:00:00+00:00,9817.0,,356.0
2020-02-29 00:00:00+00:00,11399.0,,284.0
2020-03-01 00:00:00+00:00,6571.0,,179.0
2020-03-02 00:00:00+00:00,6722.0,,277.0
2020-03-03 00:00:00+00:00,12933.0,,336.0
2020-03-04 00:00:00+00:00,11413.0,,225.0
2020-03-05 00:00:00+00:00,7020.0,,244.0
2020-03-06 00:00:00+00:00,6921.0,,311.0
2020-03-07 00:00:00+00:00,7014.0,,213.0
2020-03-08 00:00:00+00:00,11303.0,,475.0
2020-03-09 00:00:00+00:00,6483.0,,199.0
2020-03-10 00:00:00+00:00,5426.0,,255.0
2020-03-11 00:00:00+00:00,34279.0,,1872.0
2020-03-12 00:00:00+00:00,10867.0,,381.0
2020-03-13 00:00:00+00:00,4290.0,,142.0
2020-03-14 00:00:00+00:00,2742.0,,73.0
2020-03-15 00:00:00+00:00,2420.0,,58.0
2020-03-16 00:00:00+00:00,2585.0,,71.0
2020-03-17 00:00:00+00:00,2494.0,,84.0
2020-03-18 00:00:00+00:00,2342.0,,80.0
2020-03-19 00:00:00+00:00,2368.0,,91.0
2020-03-20 00:00:00+00:00,2094.0,,63.0
2020-03-21 00:00:00+00:00,1689.0,,45.0
2020-03-22 00:00:00+00:00,1918.0,,58.0
2020-03-23 00:00:00+00:00,4200.0,,103.0
2020-03-24 00:00:00+00:00,1542.0,,32.0
2020-03-25 00:00:00+00:00,3702.0,,6.0
2020-03-26 00:00:00+00:00,16083.0,,145.0
2020-03-27 00:00:00+00:00,19240.0,,168.0
2020-03-28 00:00:00+00:00,11782.0,,101.0
2020-03-29 00:00:00+00:00,10126.0,,91.0
2020-03-30 00:00:00+00:00,9297.0,1.0,119.0
2020-03-31 00:00:00+00:00,7770.0,,134.0
2020-04-01 00:00:00+00:00,7489.0,,93.0
2020-04-02 00:00:00+00:00,9807.0,,84.0
2020-04-03 00:00:00+00:00,8361.0,,76.0
2020-04-04 00:00:00+00:00,5475.0,,53.0
2020-04-05 00:00:00+00:00,4754.0,,39.0
2020-04-06 00:00:00+00:00,12978.0,,152.0
2020-04-07 00:00:00+00:00,16112.0,,144.0
2020-04-08 00:00:00+00:00,8118.0,,108.0
2020-04-09 00:00:00+00:00,18092.0,,190.0
2020-04-10 00:00:00+00:00,8962.0,,88.0
2020-04-11 00:00:00+00:00,8443.0,,82.0
2020-04-12 00:00:00+00:00,7112.0,,95.0
2020-04-13 00:00:00+00:00,8606.0,,111.0
2020-04-14 00:00:00+00:00,6946.0,,105.0
2020-04-15 00:00:00+00:00,6447.0,,72.0
2020-04-16 00:00:00+00:00,4930.0,,104.0
2020-04-17 00:00:00+00:00,4528.0,,79.0
2020-04-18 00:00:00+00:00,3533.0,,38.0
2020-04-19 00:00:00+00:00,3577.0,,43.0
2020-04-20 00:00:00+00:00,4199.0,,71.0
2020-04-21 00:00:00+00:00,2848.0,,58.0
2020-04-22 00:00:00+00:00,2559.0,,59.0
2020-04-23 00:00:00+00:00,4218.0,,103.0
2020-04-24 00:00:00+00:00,4005.0,,85.0
2020-04-25 00:00:00+00:00,19034.0,,115.0
2020-04-26 00:00:00+00:00,16490.0,,96.0
2020-04-27 00:00:00+00:00,22958.0,,197.0
2020-04-28 00:00:00+00:00,33408.0,,269.0
2020-04-29 00:00:00+00:00,17023.0,,245.0
2020-04-30 00:00:00+00:00,34371.0,,440.0
2020-05-01 00:00:00+00:00,34650.0,,367.0
2020-05-02 00:00:00+00:00,18784.0,,182.0
2020-05-03 00:00:00+00:00,17409.0,,195.0
2020-05-04 00:00:00+00:00,9706.0,,156.0
2020-05-05 00:00:00+00:00,8227.0,,168.0
2020-05-06 00:00:00+00:00,12003.0,,280.0
2020-05-07 00:00:00+00:00,15336.0,,306.0
2020-05-08 00:00:00+00:00,8812.0,,188.0
2020-05-09 00:00:00+00:00,5783.0,,108.0
2020-05-10 00:00:00+00:00,8199.0,,74.0
2020-05-11 00:00:00+00:00,6891.0,,101.0
2020-05-12 00:00:00+00:00,6899.0,,82.0
2020-05-13 00:00:00+00:00,4387.0,,95.0
2020-05-14 00:00:00+00:00,5346.0,,109.0
2020-05-15 00:00:00+00:00,6592.0,,123.0
2020-05-16 00:00:00+00:00,3818.0,,62.0
2020-05-17 00:00:00+00:00,39.0,,1.0
2020-05-18 00:00:00+00:00,93.0,,7.0
2020-05-19 00:00:00+00:00,3387.0,,142.0
2020-05-20 00:00:00+00:00,10794.0,,115.0
2020-05-21 00:00:00+00:00,3548.0,,27.0
2020-05-22 00:00:00+00:00,24.0,,1.0
2020-05-23 00:00:00+00:00,43.0,,2.0
2020-05-24 00:00:00+00:00,114.0,,4.0
2020-05-25 00:00:00+00:00,70.0,,
2020-05-26 00:00:00+00:00,52.0,,1.0
2020-05-27 00:00:00+00:00,45.0,,
2020-05-28 00:00:00+00:00,93.0,,10.0
2020-05-29 00:00:00+00:00,47.0,,2.0
2020-05-30 00:00:00+00:00,69.0,,1.0
2020-05-31 00:00:00+00:00,53.0,,
2020-06-01 00:00:00+00:00,15.0,,
