created_at,not_reply,reply
2017-10-15 00:00:00+00:00,18077,1814
2017-10-16 00:00:00+00:00,370824,24206
2017-10-17 00:00:00+00:00,291292,15271
2017-10-18 00:00:00+00:00,144075,6928
2017-10-19 00:00:00+00:00,105161,5247
2017-10-20 00:00:00+00:00,66929,3248
2017-10-21 00:00:00+00:00,33291,2083
2017-10-22 00:00:00+00:00,33328,2526
2017-10-23 00:00:00+00:00,25869,2293
2017-10-24 00:00:00+00:00,27666,1850
2017-10-25 00:00:00+00:00,35348,1910
2017-10-26 00:00:00+00:00,31927,1854
2017-10-27 00:00:00+00:00,18413,1580
2017-10-28 00:00:00+00:00,14994,1436
2017-10-29 00:00:00+00:00,19488,1145
2017-10-30 00:00:00+00:00,24470,1538
2017-10-31 00:00:00+00:00,20418,1358
2017-11-01 00:00:00+00:00,17218,1269
2017-11-02 00:00:00+00:00,14960,1273
2017-11-03 00:00:00+00:00,12556,1098
2017-11-04 00:00:00+00:00,10030,903
2017-11-05 00:00:00+00:00,11521,1017
2017-11-06 00:00:00+00:00,10248,850
2017-11-07 00:00:00+00:00,9317,866
2017-11-08 00:00:00+00:00,11461,1173
2017-11-09 00:00:00+00:00,15770,2014
2017-11-10 00:00:00+00:00,24378,3319
2017-11-11 00:00:00+00:00,20785,2376
2017-11-12 00:00:00+00:00,37080,2489
2017-11-13 00:00:00+00:00,34984,2427
2017-11-14 00:00:00+00:00,30547,2101
2017-11-15 00:00:00+00:00,14650,1326
2017-11-16 00:00:00+00:00,34561,2590
2017-11-17 00:00:00+00:00,32295,2672
2017-11-18 00:00:00+00:00,25254,1906
2017-11-19 00:00:00+00:00,17707,1499
2017-11-20 00:00:00+00:00,16875,1696
2017-11-21 00:00:00+00:00,20920,2366
2017-11-22 00:00:00+00:00,36259,2611
2017-11-23 00:00:00+00:00,26360,1583
2017-11-24 00:00:00+00:00,21548,1385
2017-11-25 00:00:00+00:00,32356,2332
2017-11-26 00:00:00+00:00,17464,1712
2017-11-27 00:00:00+00:00,17480,1533
2017-11-28 00:00:00+00:00,18224,1395
2017-11-29 00:00:00+00:00,27530,2118
2017-11-30 00:00:00+00:00,32684,2375
2017-12-01 00:00:00+00:00,25541,1648
2017-12-02 00:00:00+00:00,10694,1168
2017-12-03 00:00:00+00:00,16342,1172
2017-12-04 00:00:00+00:00,20749,2038
2017-12-05 00:00:00+00:00,19598,1752
2017-12-06 00:00:00+00:00,144946,7323
2017-12-07 00:00:00+00:00,125455,7148
2017-12-08 00:00:00+00:00,61198,3756
2017-12-09 00:00:00+00:00,39251,2477
2017-12-10 00:00:00+00:00,25278,1716
2017-12-11 00:00:00+00:00,47717,2862
2017-12-12 00:00:00+00:00,60635,6012
2017-12-13 00:00:00+00:00,44938,3896
2017-12-14 00:00:00+00:00,38365,2703
2017-12-15 00:00:00+00:00,24379,2197
2017-12-16 00:00:00+00:00,30191,2145
2017-12-17 00:00:00+00:00,50366,2271
2017-12-18 00:00:00+00:00,40115,2010
2017-12-19 00:00:00+00:00,36354,2148
2017-12-20 00:00:00+00:00,42926,1862
2017-12-21 00:00:00+00:00,26948,1761
2017-12-22 00:00:00+00:00,27176,1932
2017-12-23 00:00:00+00:00,22319,1446
2017-12-24 00:00:00+00:00,27123,1247
2017-12-25 00:00:00+00:00,23515,728
2017-12-26 00:00:00+00:00,13922,762
2017-12-27 00:00:00+00:00,13716,957
2017-12-28 00:00:00+00:00,14671,1212
2017-12-29 00:00:00+00:00,11899,1156
2017-12-30 00:00:00+00:00,10351,1088
2017-12-31 00:00:00+00:00,11655,1168
2018-01-01 00:00:00+00:00,46866,1437
2018-01-02 00:00:00+00:00,67389,2250
2018-01-03 00:00:00+00:00,42648,1610
2018-01-04 00:00:00+00:00,24860,1450
2018-01-05 00:00:00+00:00,18975,1465
2018-01-06 00:00:00+00:00,16980,1331
2018-01-07 00:00:00+00:00,85940,3407
2018-01-08 00:00:00+00:00,399793,13530
2018-01-09 00:00:00+00:00,191026,7172
2018-01-10 00:00:00+00:00,107891,3837
2018-01-11 00:00:00+00:00,66875,4033
2018-01-12 00:00:00+00:00,38480,3372
2018-01-13 00:00:00+00:00,46503,3170
2018-01-14 00:00:00+00:00,52511,3881
2018-01-15 00:00:00+00:00,41083,3858
2018-01-16 00:00:00+00:00,55596,4268
2018-01-17 00:00:00+00:00,39434,3842
2018-01-18 00:00:00+00:00,39376,3553
2018-01-19 00:00:00+00:00,34576,3309
2018-01-20 00:00:00+00:00,52015,3776
2018-01-21 00:00:00+00:00,76779,3561
2018-01-22 00:00:00+00:00,42190,2789
2018-01-23 00:00:00+00:00,41842,2968
2018-01-24 00:00:00+00:00,42239,3177
2018-01-25 00:00:00+00:00,46071,3359
2018-01-26 00:00:00+00:00,35965,3022
2018-01-27 00:00:00+00:00,38187,2844
2018-01-28 00:00:00+00:00,40422,2724
2018-01-29 00:00:00+00:00,106150,5760
2018-01-30 00:00:00+00:00,48832,3304
2018-01-31 00:00:00+00:00,53058,4111
2018-02-01 00:00:00+00:00,30731,3074
2018-02-02 00:00:00+00:00,27083,2711
2018-02-03 00:00:00+00:00,22666,2113
2018-02-04 00:00:00+00:00,21215,1858
2018-02-05 00:00:00+00:00,22884,1823
2018-02-06 00:00:00+00:00,28759,1926
2018-02-07 00:00:00+00:00,37516,2159
2018-02-08 00:00:00+00:00,27024,2748
2018-02-09 00:00:00+00:00,36673,3213
2018-02-10 00:00:00+00:00,35611,3606
2018-02-11 00:00:00+00:00,39615,3133
2018-02-12 00:00:00+00:00,45911,2773
2018-02-13 00:00:00+00:00,31569,2882
2018-02-14 00:00:00+00:00,27879,2918
2018-02-15 00:00:00+00:00,23901,2084
2018-02-16 00:00:00+00:00,20819,2016
2018-02-17 00:00:00+00:00,27626,1598
2018-02-18 00:00:00+00:00,24261,2010
2018-02-19 00:00:00+00:00,26759,2244
2018-02-20 00:00:00+00:00,23957,2533
2018-02-21 00:00:00+00:00,29399,2373
2018-02-22 00:00:00+00:00,26365,2076
2018-02-23 00:00:00+00:00,22592,1809
2018-02-24 00:00:00+00:00,23441,1675
2018-02-25 00:00:00+00:00,23372,1600
2018-02-26 00:00:00+00:00,40221,2324
2018-02-27 00:00:00+00:00,28008,1973
2018-02-28 00:00:00+00:00,31565,1858
2018-03-01 00:00:00+00:00,14407,981
2018-03-02 00:00:00+00:00,29098,1766
2018-03-03 00:00:00+00:00,22227,1546
2018-03-04 00:00:00+00:00,28983,2576
2018-03-05 00:00:00+00:00,84239,5017
2018-03-06 00:00:00+00:00,30513,2680
2018-03-07 00:00:00+00:00,29317,2110
2018-03-08 00:00:00+00:00,74449,2795
2018-03-09 00:00:00+00:00,178052,2086
2018-03-10 00:00:00+00:00,95531,1431
2018-03-11 00:00:00+00:00,50549,1124
2018-03-12 00:00:00+00:00,30146,1409
2018-03-13 00:00:00+00:00,25213,1692
2018-03-14 00:00:00+00:00,27452,1613
2018-03-15 00:00:00+00:00,22098,1695
2018-03-16 00:00:00+00:00,23473,1761
2018-03-17 00:00:00+00:00,21242,1553
2018-03-18 00:00:00+00:00,18070,1241
2018-03-19 00:00:00+00:00,20910,1271
2018-03-20 00:00:00+00:00,19662,1529
2018-03-21 00:00:00+00:00,16313,1438
2018-03-22 00:00:00+00:00,16346,1372
2018-03-23 00:00:00+00:00,18002,1346
2018-03-24 00:00:00+00:00,5068,338
2018-03-25 00:00:00+00:00,13048,1275
2018-03-26 00:00:00+00:00,15981,1584
2018-03-28 00:00:00+00:00,20145,1510
2018-03-29 00:00:00+00:00,15091,1091
2018-03-30 00:00:00+00:00,13113,1059
2018-03-31 00:00:00+00:00,15229,980
2018-04-01 00:00:00+00:00,16756,755
2018-04-02 00:00:00+00:00,16749,833
2018-04-03 00:00:00+00:00,17272,1084
2018-04-04 00:00:00+00:00,19832,986
2018-04-05 00:00:00+00:00,12286,927
2018-04-06 00:00:00+00:00,19367,1210
2018-04-07 00:00:00+00:00,89745,4101
2018-04-08 00:00:00+00:00,60981,3326
2018-04-09 00:00:00+00:00,31853,2071
2018-04-10 00:00:00+00:00,22350,1422
2018-04-11 00:00:00+00:00,27503,1403
2018-04-12 00:00:00+00:00,16326,1220
2018-04-13 00:00:00+00:00,22229,1227
2018-04-14 00:00:00+00:00,13877,940
2018-04-15 00:00:00+00:00,14722,936
2018-04-16 00:00:00+00:00,22844,1158
2018-04-17 00:00:00+00:00,21784,1198
2018-04-18 00:00:00+00:00,24779,1247
2018-04-19 00:00:00+00:00,37816,1754
2018-04-20 00:00:00+00:00,39932,2086
2018-04-21 00:00:00+00:00,33358,1702
2018-04-22 00:00:00+00:00,23319,1324
2018-04-23 00:00:00+00:00,22249,1261
2018-04-24 00:00:00+00:00,25518,1328
2018-04-25 00:00:00+00:00,25925,1417
2018-04-26 00:00:00+00:00,61568,3009
2018-04-27 00:00:00+00:00,34091,2264
2018-04-28 00:00:00+00:00,25306,1742
2018-04-29 00:00:00+00:00,18947,1922
2018-04-30 00:00:00+00:00,49361,2256
2018-05-01 00:00:00+00:00,38842,1968
2018-05-02 00:00:00+00:00,20810,1446
2018-05-03 00:00:00+00:00,20628,1653
2018-05-04 00:00:00+00:00,17517,1532
2018-05-05 00:00:00+00:00,12712,1127
2018-05-06 00:00:00+00:00,12757,1017
2018-05-07 00:00:00+00:00,14812,1125
2018-05-08 00:00:00+00:00,35090,3325
2018-05-09 00:00:00+00:00,27650,1982
2018-05-10 00:00:00+00:00,22732,1919
2018-05-11 00:00:00+00:00,16583,1459
2018-05-12 00:00:00+00:00,12584,1273
2018-05-13 00:00:00+00:00,13361,1113
2018-05-14 00:00:00+00:00,11543,1020
2018-05-15 00:00:00+00:00,10660,1088
2018-05-16 00:00:00+00:00,10146,1168
2018-05-17 00:00:00+00:00,12481,1151
2018-05-18 00:00:00+00:00,19221,1081
2018-05-19 00:00:00+00:00,14223,850
2018-05-20 00:00:00+00:00,13878,786
2018-05-21 00:00:00+00:00,17390,1134
2018-05-22 00:00:00+00:00,14525,1094
2018-05-23 00:00:00+00:00,14073,1242
2018-05-24 00:00:00+00:00,20887,2068
2018-05-25 00:00:00+00:00,34666,2467
2018-05-26 00:00:00+00:00,16904,1401
2018-05-27 00:00:00+00:00,11406,1113
2018-05-28 00:00:00+00:00,12002,1049
2018-05-29 00:00:00+00:00,14471,1306
2018-05-30 00:00:00+00:00,21654,1863
2018-05-31 00:00:00+00:00,22961,1811
2018-06-01 00:00:00+00:00,16123,1491
2018-06-02 00:00:00+00:00,9670,953
2018-06-03 00:00:00+00:00,7596,849
2018-06-04 00:00:00+00:00,26947,2771
2018-06-05 00:00:00+00:00,32960,2114
2018-06-06 00:00:00+00:00,27418,2003
2018-06-07 00:00:00+00:00,16899,1758
2018-06-08 00:00:00+00:00,17469,1616
2018-06-09 00:00:00+00:00,14182,1165
2018-06-10 00:00:00+00:00,10009,1091
2018-06-11 00:00:00+00:00,13439,1533
2018-06-12 00:00:00+00:00,20500,1725
2018-06-13 00:00:00+00:00,14836,1379
2018-06-14 00:00:00+00:00,13530,1378
2018-06-15 00:00:00+00:00,27183,1859
2018-06-16 00:00:00+00:00,17433,1272
2018-06-17 00:00:00+00:00,11268,1107
2018-06-18 00:00:00+00:00,8252,1126
2018-06-19 00:00:00+00:00,8208,1098
2018-06-20 00:00:00+00:00,8711,1319
2018-06-21 00:00:00+00:00,9343,1275
2018-06-22 00:00:00+00:00,9866,1141
2018-06-23 00:00:00+00:00,9101,1005
2018-06-24 00:00:00+00:00,7366,896
2018-06-25 00:00:00+00:00,11791,878
2018-06-26 00:00:00+00:00,24096,1048
2018-06-27 00:00:00+00:00,15631,1255
2018-06-28 00:00:00+00:00,15783,1205
2018-06-29 00:00:00+00:00,17067,1135
2018-06-30 00:00:00+00:00,14294,1012
2018-07-01 00:00:00+00:00,35062,1958
2018-07-02 00:00:00+00:00,8473,794
2018-07-03 00:00:00+00:00,36576,2730
2018-07-04 00:00:00+00:00,11039,1028
2018-07-06 00:00:00+00:00,76302,4509
2018-07-07 00:00:00+00:00,39498,2135
2018-07-08 00:00:00+00:00,16493,1408
2018-07-09 00:00:00+00:00,18101,1441
2018-07-10 00:00:00+00:00,31730,2504
2018-07-11 00:00:00+00:00,22236,2214
2018-07-12 00:00:00+00:00,36728,3650
2018-07-13 00:00:00+00:00,16713,1506
2018-07-14 00:00:00+00:00,13909,1122
2018-07-15 00:00:00+00:00,17362,2172
2018-07-16 00:00:00+00:00,14872,1684
2018-07-17 00:00:00+00:00,16076,1772
2018-07-18 00:00:00+00:00,17908,1934
2018-07-19 00:00:00+00:00,9678,983
2018-07-20 00:00:00+00:00,18946,2442
2018-07-21 00:00:00+00:00,6660,984
2018-07-22 00:00:00+00:00,5617,802
2018-07-23 00:00:00+00:00,12477,997
2018-07-24 00:00:00+00:00,21922,2024
2018-07-25 00:00:00+00:00,9171,941
2018-07-27 00:00:00+00:00,26300,2178
2018-07-28 00:00:00+00:00,13183,1150
2018-07-29 00:00:00+00:00,9474,876
2018-07-30 00:00:00+00:00,14992,1072
2018-07-31 00:00:00+00:00,28240,2586
2018-08-01 00:00:00+00:00,12414,1311
2018-08-02 00:00:00+00:00,18860,1340
2018-08-03 00:00:00+00:00,13190,1114
2018-08-04 00:00:00+00:00,8182,751
2018-08-05 00:00:00+00:00,7911,820
2018-08-06 00:00:00+00:00,8771,913
2018-08-07 00:00:00+00:00,8103,899
2018-08-08 00:00:00+00:00,7689,880
2018-08-09 00:00:00+00:00,12129,1105
2018-08-10 00:00:00+00:00,11914,1094
2018-08-11 00:00:00+00:00,5809,754
2018-08-12 00:00:00+00:00,7533,924
2018-08-13 00:00:00+00:00,8872,982
2018-08-14 00:00:00+00:00,12604,1009
2018-08-15 00:00:00+00:00,15988,1302
2018-08-16 00:00:00+00:00,11892,935
2018-08-17 00:00:00+00:00,12572,944
2018-08-18 00:00:00+00:00,18205,957
2018-08-19 00:00:00+00:00,9206,777
2018-08-20 00:00:00+00:00,60822,3491
2018-08-21 00:00:00+00:00,35752,2303
2018-08-22 00:00:00+00:00,18595,1655
2018-08-23 00:00:00+00:00,15821,1607
2018-08-24 00:00:00+00:00,16927,1199
2018-08-25 00:00:00+00:00,13215,859
2018-08-26 00:00:00+00:00,8082,752
2018-08-27 00:00:00+00:00,7579,730
2018-08-28 00:00:00+00:00,18571,4313
2018-08-29 00:00:00+00:00,14823,1264
2018-08-30 00:00:00+00:00,11503,1280
2018-08-31 00:00:00+00:00,9662,1091
2018-09-01 00:00:00+00:00,8780,15945
2018-09-02 00:00:00+00:00,8031,1059
2018-09-03 00:00:00+00:00,8843,946
2018-09-04 00:00:00+00:00,9154,1153
2018-09-05 00:00:00+00:00,8791,1015
2018-09-06 00:00:00+00:00,8697,988
2018-09-07 00:00:00+00:00,11352,920
2018-09-08 00:00:00+00:00,15686,975
2018-09-09 00:00:00+00:00,42961,1342
2018-09-10 00:00:00+00:00,30360,1489
2018-09-11 00:00:00+00:00,21510,1127
2018-09-12 00:00:00+00:00,19359,1242
2018-09-13 00:00:00+00:00,20943,1634
2018-09-14 00:00:00+00:00,17805,2008
2018-09-15 00:00:00+00:00,14691,1429
2018-09-16 00:00:00+00:00,39951,3884
2018-09-17 00:00:00+00:00,96279,9606
2018-09-18 00:00:00+00:00,38795,3822
2018-09-19 00:00:00+00:00,87617,8118
2018-09-20 00:00:00+00:00,85665,8128
2018-09-21 00:00:00+00:00,228507,15070
2018-09-22 00:00:00+00:00,113156,5980
2018-09-23 00:00:00+00:00,156249,8994
2018-09-24 00:00:00+00:00,264498,15004
2018-09-25 00:00:00+00:00,107233,7870
2018-09-26 00:00:00+00:00,136855,13299
2018-09-27 00:00:00+00:00,244770,21202
2018-09-28 00:00:00+00:00,173252,17691
2018-09-29 00:00:00+00:00,113203,8916
2018-09-30 00:00:00+00:00,70972,7136
2018-10-01 00:00:00+00:00,65430,6440
2018-10-02 00:00:00+00:00,68047,6214
2018-10-03 00:00:00+00:00,81704,8363
2018-10-04 00:00:00+00:00,124372,10365
2018-10-05 00:00:00+00:00,156908,13998
2018-10-06 00:00:00+00:00,120791,11516
2018-10-07 00:00:00+00:00,83257,7809
2018-10-08 00:00:00+00:00,95397,7466
2018-10-09 00:00:00+00:00,216419,11618
2018-10-10 00:00:00+00:00,152382,9999
2018-10-11 00:00:00+00:00,138405,10225
2018-10-12 00:00:00+00:00,145634,9590
2018-10-13 00:00:00+00:00,109908,8333
2018-10-14 00:00:00+00:00,136092,9861
2018-10-15 00:00:00+00:00,126701,8451
2018-10-16 00:00:00+00:00,89372,7254
2018-10-17 00:00:00+00:00,86563,6620
2018-10-18 00:00:00+00:00,63966,5152
2018-10-19 00:00:00+00:00,44181,3819
2018-10-20 00:00:00+00:00,43637,3202
2018-10-21 00:00:00+00:00,40008,4175
2018-10-22 00:00:00+00:00,51316,3138
2018-10-23 00:00:00+00:00,34183,3063
2018-10-24 00:00:00+00:00,34977,2793
2018-10-25 00:00:00+00:00,42888,3000
2018-10-26 00:00:00+00:00,43144,2498
2018-10-27 00:00:00+00:00,40152,2248
2018-10-28 00:00:00+00:00,20977,1695
2018-10-29 00:00:00+00:00,24466,1746
2018-10-30 00:00:00+00:00,20565,2090
2018-10-31 00:00:00+00:00,16073,1706
2018-11-01 00:00:00+00:00,36694,2468
2018-11-02 00:00:00+00:00,30822,2602
2018-11-03 00:00:00+00:00,41610,2189
2018-11-04 00:00:00+00:00,16414,1495
2018-11-05 00:00:00+00:00,19272,1615
2018-11-06 00:00:00+00:00,13255,1799
2018-11-07 00:00:00+00:00,16196,2287
2018-11-08 00:00:00+00:00,16542,3651
2018-11-09 00:00:00+00:00,12951,1646
2018-11-10 00:00:00+00:00,9967,1189
2018-11-11 00:00:00+00:00,8528,930
2018-11-12 00:00:00+00:00,14292,1269
2018-11-13 00:00:00+00:00,14855,1384
2018-11-14 00:00:00+00:00,11202,1537
2018-11-15 00:00:00+00:00,16700,3122
2018-11-16 00:00:00+00:00,15960,1673
2018-11-17 00:00:00+00:00,10552,1127
2018-11-18 00:00:00+00:00,12001,1109
2018-11-19 00:00:00+00:00,13207,1350
2018-11-20 00:00:00+00:00,10477,1466
2018-11-21 00:00:00+00:00,11883,1599
2018-11-22 00:00:00+00:00,8553,1107
2018-11-23 00:00:00+00:00,9276,1066
2018-11-24 00:00:00+00:00,10391,875
2018-11-25 00:00:00+00:00,11491,924
2018-11-26 00:00:00+00:00,16737,1159
2018-11-27 00:00:00+00:00,16246,1004
2018-11-28 00:00:00+00:00,18408,1282
2018-11-29 00:00:00+00:00,19839,1215
2018-11-30 00:00:00+00:00,12585,1219
2018-12-01 00:00:00+00:00,16201,1483
2018-12-02 00:00:00+00:00,11404,1373
2018-12-03 00:00:00+00:00,22562,1511
2018-12-04 00:00:00+00:00,20496,1922
2018-12-05 00:00:00+00:00,26475,1597
2018-12-06 00:00:00+00:00,17686,2028
2018-12-07 00:00:00+00:00,15309,1541
2018-12-08 00:00:00+00:00,11213,1439
2018-12-09 00:00:00+00:00,8953,1050
2018-12-10 00:00:00+00:00,11476,1092
2018-12-11 00:00:00+00:00,37176,1493
2018-12-12 00:00:00+00:00,36041,1519
2018-12-13 00:00:00+00:00,18553,1421
2018-12-14 00:00:00+00:00,27999,1298
2018-12-15 00:00:00+00:00,8680,940
2018-12-16 00:00:00+00:00,9218,921
2018-12-17 00:00:00+00:00,19658,13502
2018-12-18 00:00:00+00:00,19856,1117
2018-12-19 00:00:00+00:00,8963,1087
2018-12-20 00:00:00+00:00,8349,1142
2018-12-21 00:00:00+00:00,6786,856
2018-12-22 00:00:00+00:00,11431,946
2018-12-23 00:00:00+00:00,10472,819
2018-12-24 00:00:00+00:00,8430,823
2018-12-25 00:00:00+00:00,5846,638
2018-12-26 00:00:00+00:00,16041,702
2018-12-27 00:00:00+00:00,9499,731
2018-12-28 00:00:00+00:00,8435,683
2018-12-29 00:00:00+00:00,5975,839
2018-12-30 00:00:00+00:00,7176,843
2018-12-31 00:00:00+00:00,8605,1096
2019-01-01 00:00:00+00:00,6087,809
2019-01-02 00:00:00+00:00,5601,800
2019-01-03 00:00:00+00:00,7502,1032
2019-01-04 00:00:00+00:00,17279,1681
2019-01-05 00:00:00+00:00,10919,1321
2019-01-06 00:00:00+00:00,30477,3054
2019-01-07 00:00:00+00:00,22711,2358
2019-01-08 00:00:00+00:00,11784,1566
2019-01-09 00:00:00+00:00,12467,1484
2019-01-10 00:00:00+00:00,17284,2003
2019-01-11 00:00:00+00:00,11779,1462
2019-01-12 00:00:00+00:00,8940,1264
2019-01-13 00:00:00+00:00,9769,1072
2019-01-14 00:00:00+00:00,10806,1103
2019-01-15 00:00:00+00:00,15613,1797
2019-01-16 00:00:00+00:00,14386,1871
2019-01-17 00:00:00+00:00,12707,1533
2019-01-18 00:00:00+00:00,11364,1451
2019-01-19 00:00:00+00:00,10868,1136
2019-01-20 00:00:00+00:00,7071,986
2019-01-21 00:00:00+00:00,9033,1219
2019-01-22 00:00:00+00:00,10833,1718
2019-01-23 00:00:00+00:00,12039,1653
2019-01-24 00:00:00+00:00,8328,1205
2019-01-25 00:00:00+00:00,6433,914
2019-01-26 00:00:00+00:00,6642,881
2019-01-27 00:00:00+00:00,7219,961
2019-01-28 00:00:00+00:00,11014,1261
2019-01-29 00:00:00+00:00,14228,1389
2019-01-30 00:00:00+00:00,11495,1085
2019-01-31 00:00:00+00:00,11384,1007
2019-02-01 00:00:00+00:00,9101,1052
2019-02-02 00:00:00+00:00,6687,932
2019-02-03 00:00:00+00:00,7088,829
2019-02-04 00:00:00+00:00,10188,1393
2019-02-05 00:00:00+00:00,8348,1346
2019-02-06 00:00:00+00:00,6480,1024
2019-02-10 00:00:00+00:00,2481,229
2019-02-11 00:00:00+00:00,10083,1080
2019-02-12 00:00:00+00:00,8891,1068
2019-02-13 00:00:00+00:00,7790,1069
2019-02-14 00:00:00+00:00,8406,1000
2019-02-15 00:00:00+00:00,6572,891
2019-02-16 00:00:00+00:00,5109,760
2019-02-17 00:00:00+00:00,5078,796
2019-02-18 00:00:00+00:00,7210,964
2019-02-19 00:00:00+00:00,8431,1142
2019-02-20 00:00:00+00:00,12128,3224
2019-02-21 00:00:00+00:00,7659,974
2019-02-22 00:00:00+00:00,11423,1485
2019-02-23 00:00:00+00:00,9641,1080
2019-02-24 00:00:00+00:00,6214,921
2019-02-25 00:00:00+00:00,8779,1284
2019-02-26 00:00:00+00:00,8811,1026
2019-02-27 00:00:00+00:00,9090,1045
2019-02-28 00:00:00+00:00,9176,946
2019-03-01 00:00:00+00:00,10433,1139
2019-03-02 00:00:00+00:00,8708,925
2019-03-03 00:00:00+00:00,9503,972
2019-03-04 00:00:00+00:00,9284,1094
2019-03-05 00:00:00+00:00,11258,1086
2019-03-06 00:00:00+00:00,10047,1527
2019-03-07 00:00:00+00:00,8380,1276
2019-03-08 00:00:00+00:00,11306,1382
2019-03-09 00:00:00+00:00,6585,963
2019-03-10 00:00:00+00:00,4564,824
2019-03-11 00:00:00+00:00,8650,906
2019-03-12 00:00:00+00:00,9669,1052
2019-03-13 00:00:00+00:00,11401,1113
2019-03-14 00:00:00+00:00,7228,1042
2019-03-15 00:00:00+00:00,5120,794
2019-03-16 00:00:00+00:00,4406,844
2019-03-17 00:00:00+00:00,4333,733
2019-03-18 00:00:00+00:00,31194,762
2019-03-19 00:00:00+00:00,5559,888
2019-03-20 00:00:00+00:00,10858,858
2019-03-21 00:00:00+00:00,6713,779
2019-03-22 00:00:00+00:00,6753,775
2019-03-23 00:00:00+00:00,4658,831
2019-03-24 00:00:00+00:00,4735,743
2019-03-25 00:00:00+00:00,7823,910
2019-03-26 00:00:00+00:00,8490,1007
2019-03-27 00:00:00+00:00,10502,1195
2019-03-28 00:00:00+00:00,10400,1022
2019-03-29 00:00:00+00:00,9042,1033
2019-03-30 00:00:00+00:00,7428,1491
2019-03-31 00:00:00+00:00,6292,1617
2019-04-01 00:00:00+00:00,22811,3556
2019-04-02 00:00:00+00:00,29337,3967
2019-04-03 00:00:00+00:00,18134,2999
2019-04-04 00:00:00+00:00,12483,2203
2019-04-05 00:00:00+00:00,12738,1850
2019-04-06 00:00:00+00:00,7518,1496
2019-04-07 00:00:00+00:00,6179,797
2019-04-08 00:00:00+00:00,6620,793
2019-04-09 00:00:00+00:00,6421,779
2019-04-10 00:00:00+00:00,5823,732
2019-04-11 00:00:00+00:00,12467,961
2019-04-12 00:00:00+00:00,10935,748
2019-04-13 00:00:00+00:00,7897,674
2019-04-14 00:00:00+00:00,4271,655
2019-04-15 00:00:00+00:00,4181,762
2019-04-16 00:00:00+00:00,5068,623
2019-04-17 00:00:00+00:00,5322,835
2019-04-18 00:00:00+00:00,5197,766
2019-04-19 00:00:00+00:00,8131,779
2019-04-20 00:00:00+00:00,9644,1052
2019-04-21 00:00:00+00:00,4347,606
2019-04-22 00:00:00+00:00,4350,516
2019-04-23 00:00:00+00:00,4286,634
2019-04-24 00:00:00+00:00,5280,683
2019-04-25 00:00:00+00:00,4532,896
2019-04-26 00:00:00+00:00,4965,934
2019-04-27 00:00:00+00:00,3923,771
2019-04-28 00:00:00+00:00,3246,565
2019-04-29 00:00:00+00:00,4299,857
2019-04-30 00:00:00+00:00,4491,965
2019-05-01 00:00:00+00:00,4629,710
2019-05-02 00:00:00+00:00,3715,596
2019-05-03 00:00:00+00:00,4283,700
2019-05-04 00:00:00+00:00,4183,677
2019-05-05 00:00:00+00:00,2966,583
2019-05-06 00:00:00+00:00,3174,565
2019-05-07 00:00:00+00:00,3930,679
2019-05-08 00:00:00+00:00,3820,788
2019-05-09 00:00:00+00:00,4163,796
2019-05-10 00:00:00+00:00,4207,680
2019-05-11 00:00:00+00:00,5244,667
2019-05-12 00:00:00+00:00,3908,654
2019-05-13 00:00:00+00:00,4602,605
2019-05-14 00:00:00+00:00,4709,709
2019-05-15 00:00:00+00:00,4797,747
2019-05-16 00:00:00+00:00,5900,776
2019-05-17 00:00:00+00:00,4788,767
2019-05-18 00:00:00+00:00,3419,649
2019-05-19 00:00:00+00:00,3977,654
2019-05-20 00:00:00+00:00,3581,759
2019-05-21 00:00:00+00:00,5957,712
2019-05-22 00:00:00+00:00,6320,696
2019-05-23 00:00:00+00:00,8524,731
2019-05-24 00:00:00+00:00,4725,684
2019-05-25 00:00:00+00:00,3243,562
2019-05-26 00:00:00+00:00,3860,727
2019-05-27 00:00:00+00:00,2983,522
2019-05-28 00:00:00+00:00,3224,599
2019-05-29 00:00:00+00:00,3636,682
2019-05-30 00:00:00+00:00,3867,653
2019-05-31 00:00:00+00:00,3828,594
2019-06-01 00:00:00+00:00,2627,490
2019-06-02 00:00:00+00:00,2185,490
2019-06-03 00:00:00+00:00,3090,549
2019-06-04 00:00:00+00:00,4888,609
2019-06-05 00:00:00+00:00,5391,596
2019-06-06 00:00:00+00:00,6590,645
2019-06-07 00:00:00+00:00,5124,594
2019-06-08 00:00:00+00:00,3597,487
2019-06-09 00:00:00+00:00,4303,539
2019-06-10 00:00:00+00:00,4229,699
2019-06-11 00:00:00+00:00,5006,758
2019-06-12 00:00:00+00:00,6862,711
2019-06-13 00:00:00+00:00,6311,825
2019-06-14 00:00:00+00:00,4774,708
2019-06-15 00:00:00+00:00,3331,587
2019-06-16 00:00:00+00:00,2381,465
2019-06-17 00:00:00+00:00,2886,559
2019-06-18 00:00:00+00:00,3260,628
2019-06-19 00:00:00+00:00,3891,621
2019-06-20 00:00:00+00:00,4314,721
2019-06-21 00:00:00+00:00,6068,782
2019-06-22 00:00:00+00:00,6889,1083
2019-06-23 00:00:00+00:00,3680,696
2019-06-24 00:00:00+00:00,5248,695
2019-06-25 00:00:00+00:00,6989,1011
2019-06-26 00:00:00+00:00,4153,763
2019-06-27 00:00:00+00:00,3878,714
2019-06-28 00:00:00+00:00,7937,856
2019-06-29 00:00:00+00:00,7541,662
2019-06-30 00:00:00+00:00,22480,741
2019-07-01 00:00:00+00:00,4459,609
2019-07-02 00:00:00+00:00,3805,588
2019-07-03 00:00:00+00:00,4208,675
2019-07-04 00:00:00+00:00,4042,570
2019-07-05 00:00:00+00:00,7676,554
2019-07-06 00:00:00+00:00,5278,615
2019-07-07 00:00:00+00:00,9706,830
2019-07-08 00:00:00+00:00,16378,1004
2019-07-09 00:00:00+00:00,8385,1040
2019-07-10 00:00:00+00:00,8571,1098
2019-07-11 00:00:00+00:00,6884,1173
2019-07-12 00:00:00+00:00,5816,854
2019-07-13 00:00:00+00:00,3910,755
2019-07-14 00:00:00+00:00,2757,744
2019-07-15 00:00:00+00:00,3274,717
2019-07-16 00:00:00+00:00,4343,779
2019-07-17 00:00:00+00:00,5695,888
2019-07-18 00:00:00+00:00,4813,895
2019-07-19 00:00:00+00:00,4841,659
2019-07-20 00:00:00+00:00,5900,637
2019-07-21 00:00:00+00:00,5037,729
2019-07-22 00:00:00+00:00,4886,1108
2019-07-23 00:00:00+00:00,5719,933
2019-07-24 00:00:00+00:00,7705,1122
2019-07-25 00:00:00+00:00,6776,1051
2019-07-26 00:00:00+00:00,3590,783
2019-07-27 00:00:00+00:00,2473,639
2019-07-28 00:00:00+00:00,1832,572
2019-07-29 00:00:00+00:00,2955,597
2019-07-30 00:00:00+00:00,4009,636
2019-07-31 00:00:00+00:00,3876,762
2019-08-01 00:00:00+00:00,3947,664
2019-08-02 00:00:00+00:00,3851,755
2019-08-03 00:00:00+00:00,3208,640
2019-08-04 00:00:00+00:00,2689,581
2019-08-05 00:00:00+00:00,2632,530
2019-08-06 00:00:00+00:00,3928,565
2019-08-07 00:00:00+00:00,4617,645
2019-08-08 00:00:00+00:00,8055,631
2019-08-09 00:00:00+00:00,3995,712
2019-08-10 00:00:00+00:00,3929,777
2019-08-11 00:00:00+00:00,4470,566
2019-08-12 00:00:00+00:00,3762,574
2019-08-13 00:00:00+00:00,5631,901
2019-08-14 00:00:00+00:00,6864,1064
2019-08-15 00:00:00+00:00,4836,818
2019-08-16 00:00:00+00:00,3844,640
2019-08-17 00:00:00+00:00,3382,592
2019-08-18 00:00:00+00:00,3158,637
2019-08-19 00:00:00+00:00,3536,635
2019-08-20 00:00:00+00:00,3961,595
2019-08-21 00:00:00+00:00,3783,636
2019-08-22 00:00:00+00:00,6553,685
2019-08-23 00:00:00+00:00,8409,728
2019-08-24 00:00:00+00:00,5387,539
2019-08-25 00:00:00+00:00,3149,487
2019-08-26 00:00:00+00:00,4996,673
2019-08-27 00:00:00+00:00,7775,842
2019-08-28 00:00:00+00:00,11587,1014
2019-08-29 00:00:00+00:00,9054,903
2019-08-30 00:00:00+00:00,6700,734
2019-08-31 00:00:00+00:00,7681,575
2019-09-01 00:00:00+00:00,10450,655
2019-09-02 00:00:00+00:00,5604,634
2019-09-03 00:00:00+00:00,5624,637
2019-09-04 00:00:00+00:00,6781,808
2019-09-05 00:00:00+00:00,6562,776
2019-09-06 00:00:00+00:00,7644,734
2019-09-07 00:00:00+00:00,7079,774
2019-09-08 00:00:00+00:00,5706,698
2019-09-09 00:00:00+00:00,6469,797
2019-09-10 00:00:00+00:00,5442,720
2019-09-11 00:00:00+00:00,4837,845
2019-09-12 00:00:00+00:00,5431,698
2019-09-13 00:00:00+00:00,4584,725
2019-09-14 00:00:00+00:00,3209,572
2019-09-15 00:00:00+00:00,6188,1153
2019-09-16 00:00:00+00:00,7787,1207
2019-09-17 00:00:00+00:00,7344,1030
2019-09-18 00:00:00+00:00,6535,905
2019-09-19 00:00:00+00:00,5469,849
2019-09-20 00:00:00+00:00,3872,716
2019-09-21 00:00:00+00:00,3433,639
2019-09-22 00:00:00+00:00,3049,550
2019-09-23 00:00:00+00:00,4717,602
2019-09-24 00:00:00+00:00,5692,691
2019-09-25 00:00:00+00:00,7186,849
2019-09-26 00:00:00+00:00,6541,737
2019-09-27 00:00:00+00:00,7690,753
2019-09-28 00:00:00+00:00,4774,762
2019-09-29 00:00:00+00:00,3832,668
2019-09-30 00:00:00+00:00,6371,903
2019-10-01 00:00:00+00:00,6988,883
2019-10-02 00:00:00+00:00,6017,864
2019-10-03 00:00:00+00:00,4949,865
2019-10-04 00:00:00+00:00,5140,778
2019-10-05 00:00:00+00:00,5089,688
2019-10-06 00:00:00+00:00,5914,757
2019-10-07 00:00:00+00:00,6129,649
2019-10-08 00:00:00+00:00,4908,716
2019-10-09 00:00:00+00:00,10871,916
2019-10-10 00:00:00+00:00,9125,1095
2019-10-11 00:00:00+00:00,9548,919
2019-10-12 00:00:00+00:00,7840,617
2019-10-13 00:00:00+00:00,5441,523
2019-10-14 00:00:00+00:00,4279,611
2019-10-15 00:00:00+00:00,9963,949
2019-10-16 00:00:00+00:00,6792,776
2019-10-17 00:00:00+00:00,4614,636
2019-10-18 00:00:00+00:00,5685,609
2019-10-19 00:00:00+00:00,10174,865
2019-10-20 00:00:00+00:00,6360,706
2019-10-21 00:00:00+00:00,5695,661
2019-10-22 00:00:00+00:00,6774,894
2019-10-23 00:00:00+00:00,5762,807
2019-10-24 00:00:00+00:00,6821,1064
2019-10-25 00:00:00+00:00,7098,1037
2019-10-26 00:00:00+00:00,4958,776
2019-10-27 00:00:00+00:00,5782,752
2019-10-28 00:00:00+00:00,6275,1162
2019-10-29 00:00:00+00:00,6132,908
2019-10-30 00:00:00+00:00,5424,901
2019-10-31 00:00:00+00:00,4945,1023
2019-11-01 00:00:00+00:00,6095,913
2019-11-02 00:00:00+00:00,17465,657
2019-11-03 00:00:00+00:00,15913,657
2019-11-04 00:00:00+00:00,9320,917
2019-11-05 00:00:00+00:00,9580,963
2019-11-06 00:00:00+00:00,7199,862
2019-11-07 00:00:00+00:00,6364,826
2019-11-08 00:00:00+00:00,7831,950
2019-11-09 00:00:00+00:00,5439,796
2019-11-10 00:00:00+00:00,5607,694
2019-11-11 00:00:00+00:00,7261,596
2019-11-12 00:00:00+00:00,9447,717
2019-11-13 00:00:00+00:00,5276,706
2019-11-14 00:00:00+00:00,5238,1025
2019-11-15 00:00:00+00:00,16426,1068
2019-11-16 00:00:00+00:00,5191,789
2019-11-17 00:00:00+00:00,4029,669
2019-11-18 00:00:00+00:00,5795,724
2019-11-19 00:00:00+00:00,5507,713
2019-11-20 00:00:00+00:00,3228,496
2019-11-21 00:00:00+00:00,59,1
2019-11-23 00:00:00+00:00,3251,382
2019-11-24 00:00:00+00:00,3870,660
2019-11-25 00:00:00+00:00,6485,736
2019-11-26 00:00:00+00:00,4666,852
2019-11-27 00:00:00+00:00,5435,731
2019-11-28 00:00:00+00:00,4294,688
2019-11-29 00:00:00+00:00,3839,580
2019-11-30 00:00:00+00:00,3950,537
2019-12-01 00:00:00+00:00,3123,547
2019-12-02 00:00:00+00:00,5600,706
2019-12-03 00:00:00+00:00,4853,682
2019-12-04 00:00:00+00:00,3345,671
2019-12-05 00:00:00+00:00,3865,697
2019-12-06 00:00:00+00:00,3678,647
2019-12-07 00:00:00+00:00,2803,562
2019-12-08 00:00:00+00:00,3400,656
2019-12-09 00:00:00+00:00,4471,734
2019-12-10 00:00:00+00:00,5021,785
2019-12-11 00:00:00+00:00,6638,851
2019-12-12 00:00:00+00:00,5969,933
2019-12-13 00:00:00+00:00,3838,697
2019-12-14 00:00:00+00:00,3425,626
2019-12-15 00:00:00+00:00,3799,535
2019-12-16 00:00:00+00:00,10016,834
2019-12-17 00:00:00+00:00,13494,853
2019-12-18 00:00:00+00:00,33867,1082
2019-12-19 00:00:00+00:00,14809,970
2019-12-20 00:00:00+00:00,7229,749
2019-12-21 00:00:00+00:00,6048,664
2019-12-22 00:00:00+00:00,3851,535
2019-12-23 00:00:00+00:00,3654,631
2019-12-24 00:00:00+00:00,5330,496
2019-12-25 00:00:00+00:00,2994,406
2019-12-26 00:00:00+00:00,5591,503
2019-12-27 00:00:00+00:00,5101,559
2019-12-28 00:00:00+00:00,2944,471
2019-12-29 00:00:00+00:00,2377,492
2019-12-30 00:00:00+00:00,4543,617
2019-12-31 00:00:00+00:00,3568,634
2020-01-01 00:00:00+00:00,2152,589
2020-01-02 00:00:00+00:00,3383,545
2020-01-03 00:00:00+00:00,3908,868
2020-01-04 00:00:00+00:00,8243,782
2020-01-05 00:00:00+00:00,5525,777
2020-01-06 00:00:00+00:00,8939,1018
2020-01-07 00:00:00+00:00,7401,980
2020-01-08 00:00:00+00:00,5714,735
2020-01-09 00:00:00+00:00,3749,675
2020-01-10 00:00:00+00:00,5228,687
2020-01-11 00:00:00+00:00,5186,630
2020-01-12 00:00:00+00:00,3338,514
2020-01-13 00:00:00+00:00,3643,517
2020-01-14 00:00:00+00:00,4644,765
2020-01-15 00:00:00+00:00,6671,1225
2020-01-16 00:00:00+00:00,6876,1124
2020-01-17 00:00:00+00:00,6399,989
2020-01-18 00:00:00+00:00,5837,846
2020-01-19 00:00:00+00:00,4124,681
2020-01-20 00:00:00+00:00,3648,638
2020-01-21 00:00:00+00:00,3373,687
2020-01-22 00:00:00+00:00,4946,638
2020-01-23 00:00:00+00:00,8846,742
2020-01-24 00:00:00+00:00,10740,812
2020-01-25 00:00:00+00:00,5488,733
2020-01-26 00:00:00+00:00,3806,822
2020-01-27 00:00:00+00:00,4575,1131
2020-01-28 00:00:00+00:00,23952,968
2020-01-29 00:00:00+00:00,10961,891
2020-01-30 00:00:00+00:00,6908,751
2020-01-31 00:00:00+00:00,71219,815
2020-02-01 00:00:00+00:00,24187,834
2020-02-02 00:00:00+00:00,45069,1138
2020-02-03 00:00:00+00:00,20435,1500
2020-02-04 00:00:00+00:00,7386,890
2020-02-05 00:00:00+00:00,4787,873
2020-02-06 00:00:00+00:00,5981,880
2020-02-07 00:00:00+00:00,6092,856
2020-02-08 00:00:00+00:00,4812,908
2020-02-09 00:00:00+00:00,4044,781
2020-02-10 00:00:00+00:00,7434,723
2020-02-11 00:00:00+00:00,7035,760
2020-02-12 00:00:00+00:00,3987,664
2020-02-13 00:00:00+00:00,4046,744
2020-02-14 00:00:00+00:00,4430,821
2020-02-15 00:00:00+00:00,4551,698
2020-02-16 00:00:00+00:00,3930,565
2020-02-17 00:00:00+00:00,4203,682
2020-02-18 00:00:00+00:00,5656,779
2020-02-19 00:00:00+00:00,4299,701
2020-02-20 00:00:00+00:00,5862,1035
2020-02-21 00:00:00+00:00,4154,725
2020-02-22 00:00:00+00:00,6893,650
2020-02-23 00:00:00+00:00,4064,537
2020-02-24 00:00:00+00:00,31454,1688
2020-02-25 00:00:00+00:00,21789,1641
2020-02-26 00:00:00+00:00,10748,1066
2020-02-27 00:00:00+00:00,7287,780
2020-02-28 00:00:00+00:00,9221,952
2020-02-29 00:00:00+00:00,10670,1013
2020-03-01 00:00:00+00:00,5962,788
2020-03-02 00:00:00+00:00,6277,722
2020-03-03 00:00:00+00:00,11649,1620
2020-03-04 00:00:00+00:00,10716,922
2020-03-05 00:00:00+00:00,6329,935
2020-03-06 00:00:00+00:00,6279,953
2020-03-07 00:00:00+00:00,6254,973
2020-03-08 00:00:00+00:00,10830,948
2020-03-09 00:00:00+00:00,5990,692
2020-03-10 00:00:00+00:00,4925,756
2020-03-11 00:00:00+00:00,34460,1691
2020-03-12 00:00:00+00:00,10250,998
2020-03-13 00:00:00+00:00,3737,695
2020-03-14 00:00:00+00:00,2236,579
2020-03-15 00:00:00+00:00,2002,476
2020-03-16 00:00:00+00:00,2174,482
2020-03-17 00:00:00+00:00,2053,525
2020-03-18 00:00:00+00:00,1931,491
2020-03-19 00:00:00+00:00,1981,478
2020-03-20 00:00:00+00:00,1656,501
2020-03-21 00:00:00+00:00,1309,425
2020-03-22 00:00:00+00:00,1491,485
2020-03-23 00:00:00+00:00,3742,561
2020-03-24 00:00:00+00:00,1341,233
2020-03-25 00:00:00+00:00,3437,271
2020-03-26 00:00:00+00:00,14129,2099
2020-03-27 00:00:00+00:00,16657,2751
2020-03-28 00:00:00+00:00,9877,2006
2020-03-29 00:00:00+00:00,8717,1500
2020-03-30 00:00:00+00:00,8174,1243
2020-03-31 00:00:00+00:00,6579,1325
2020-04-01 00:00:00+00:00,5750,1832
2020-04-02 00:00:00+00:00,7220,2671
2020-04-03 00:00:00+00:00,6731,1706
2020-04-04 00:00:00+00:00,4235,1293
2020-04-05 00:00:00+00:00,3661,1132
2020-04-06 00:00:00+00:00,10857,2273
2020-04-07 00:00:00+00:00,13821,2435
2020-04-08 00:00:00+00:00,6408,1818
2020-04-09 00:00:00+00:00,16534,1748
2020-04-10 00:00:00+00:00,8036,1014
2020-04-11 00:00:00+00:00,7085,1440
2020-04-12 00:00:00+00:00,5691,1516
2020-04-13 00:00:00+00:00,7142,1575
2020-04-14 00:00:00+00:00,5708,1343
2020-04-15 00:00:00+00:00,5157,1362
2020-04-16 00:00:00+00:00,3814,1220
2020-04-17 00:00:00+00:00,3532,1075
2020-04-18 00:00:00+00:00,2649,922
2020-04-19 00:00:00+00:00,2784,836
2020-04-20 00:00:00+00:00,3523,747
2020-04-21 00:00:00+00:00,2189,717
2020-04-22 00:00:00+00:00,1940,678
2020-04-23 00:00:00+00:00,3464,857
2020-04-24 00:00:00+00:00,3151,939
2020-04-25 00:00:00+00:00,16256,2893
2020-04-26 00:00:00+00:00,14304,2282
2020-04-27 00:00:00+00:00,20287,2868
2020-04-28 00:00:00+00:00,29218,4459
2020-04-29 00:00:00+00:00,13934,3334
2020-04-30 00:00:00+00:00,29744,5067
2020-05-01 00:00:00+00:00,28836,6181
2020-05-02 00:00:00+00:00,14941,4025
2020-05-03 00:00:00+00:00,14354,3250
2020-05-04 00:00:00+00:00,7867,1995
2020-05-05 00:00:00+00:00,6560,1835
2020-05-06 00:00:00+00:00,10552,1731
2020-05-07 00:00:00+00:00,13757,1885
2020-05-08 00:00:00+00:00,7082,1918
2020-05-09 00:00:00+00:00,4594,1297
2020-05-10 00:00:00+00:00,7188,1085
2020-05-11 00:00:00+00:00,5863,1129
2020-05-12 00:00:00+00:00,5850,1131
2020-05-13 00:00:00+00:00,3504,978
2020-05-14 00:00:00+00:00,4504,951
2020-05-15 00:00:00+00:00,5479,1236
2020-05-16 00:00:00+00:00,2820,1060
2020-05-17 00:00:00+00:00,33,7
2020-05-18 00:00:00+00:00,96,4
2020-05-19 00:00:00+00:00,2999,530
2020-05-20 00:00:00+00:00,9947,962
2020-05-21 00:00:00+00:00,3243,332
2020-05-22 00:00:00+00:00,23,2
2020-05-23 00:00:00+00:00,38,7
2020-05-24 00:00:00+00:00,106,12
2020-05-25 00:00:00+00:00,63,7
2020-05-26 00:00:00+00:00,45,8
2020-05-27 00:00:00+00:00,37,8
2020-05-28 00:00:00+00:00,93,10
2020-05-29 00:00:00+00:00,44,5
2020-05-30 00:00:00+00:00,53,17
2020-05-31 00:00:00+00:00,43,10
2020-06-01 00:00:00+00:00,11,4
